{
"type": "FeatureCollection",
"name": "docg",
"crs": { "type": "name", "properties": { "name": "urn:ogc:def:crs:OGC:1.3:CRS84" } },
"features": [
{ "type": "Feature", "properties": { "name": "Barbaresco", "classification": "DOCG", "grapes": "Nebbiolo 100%", "area_ha": 760, "communes": 4 }, "geometry": { "type": "Polygon", "coordinates": [ [ [ 8.087754602500219, 44.66680129350442 ], [ 8.087692564699466, 44.666780024162179 ], [ 8.086897424363729, 44.666881703728073 ], [ 8.086759533117197, 44.66682657949854 ], [ 8.086694949342691, 44.666596501504671 ], [ 8.086603805240754, 44.666325686958167 ], [ 8.086755775226679, 44.666173747183883 ], [ 8.086351544570833, 44.666449688498304 ], [ 8.085996253245048, 44.6665818826433 ], [ 8.085852974973765, 44.666868818494571 ], [ 8.085418742082254, 44.667207435565118 ], [ 8.085315993893722, 44.667323646082203 ], [ 8.08530082646881, 44.667485567336513 ], [ 8.085413633178318, 44.667531484738205 ], [ 8.085354810334477, 44.668062169560962 ], [ 8.085402996771775, 44.668206594478761 ], [ 8.085501635017266, 44.668351428003803 ], [ 8.085273173903847, 44.668439621508099 ], [ 8.084765231066289, 44.668651610308046 ], [ 8.08452173933831, 44.668892722681669 ], [ 8.084291290230102, 44.669106938138675 ], [ 8.084012371975115, 44.669194724508273 ], [ 8.082788567166565, 44.669202896434975 ], [ 8.08224120030029, 44.669513582387502 ], [ 8.081307441829404, 44.670325298910079 ], [ 8.081073121716207, 44.670782545252379 ], [ 8.080721854511209, 44.671454908116914 ], [ 8.080214153707887, 44.671648870180306 ], [ 8.080057644342679, 44.671971703964573 ], [ 8.079680839017598, 44.672661861467084 ], [ 8.078750993607279, 44.673221517845228 ], [ 8.077540174273114, 44.673994955620962 ], [ 8.076513948236467, 44.674265732797913 ], [ 8.075917902978325, 44.67445897043595 ], [ 8.074080433306566, 44.674966236025305 ], [ 8.07231573949692, 44.675654114012879 ], [ 8.07200505833727, 44.676146732977841 ], [ 8.071362058029203, 44.67690672307225 ], [ 8.070587622615667, 44.67720650880144 ], [ 8.069485180489256, 44.677503617084469 ], [ 8.068974067778402, 44.677904566643974 ], [ 8.068490382536117, 44.678953921107365 ], [ 8.067944179917509, 44.679966755732693 ], [ 8.067537430194688, 44.680152487771444 ], [ 8.066778594972881, 44.680263322361156 ], [ 8.066596178229005, 44.680621932847011 ], [ 8.066565152670707, 44.680981780550077 ], [ 8.066780804017688, 44.68169474370341 ], [ 8.066039927956771, 44.682255848933956 ], [ 8.065869682140839, 44.682641567795379 ], [ 8.066228314298275, 44.683094629542047 ], [ 8.066324320110354, 44.683401500020992 ], [ 8.066156393106235, 44.683643194981357 ], [ 8.064864106602823, 44.684748935431273 ], [ 8.064386538707886, 44.685411210241362 ], [ 8.064377825028563, 44.685951294945333 ], [ 8.064079057456306, 44.686479996384307 ], [ 8.063263117947878, 44.686995454145027 ], [ 8.062659771887798, 44.687629684194093 ], [ 8.062673075399001, 44.68836799873683 ], [ 8.062239853413054, 44.688625518186527 ], [ 8.061399795818764, 44.689068740538993 ], [ 8.061712136960136, 44.690043582945272 ], [ 8.061773864513446, 44.690908334521623 ], [ 8.06171091477705, 44.690898815501932 ], [ 8.061584149714712, 44.690933781196833 ], [ 8.061542925993743, 44.691009529786498 ], [ 8.061522003181892, 44.691007770801953 ], [ 8.06148550651611, 44.690998572600023 ], [ 8.061443041598746, 44.691119525137751 ], [ 8.06143397625091, 44.691143532001007 ], [ 8.06143274968211, 44.691214030586501 ], [ 8.06142851001003, 44.69125448540143 ], [ 8.061441358898151, 44.691354239489478 ], [ 8.061452537449698, 44.691379885518991 ], [ 8.061493484797516, 44.691473827444689 ], [ 8.061515554449166, 44.691524459789846 ], [ 8.061574516427816, 44.69165454653114 ], [ 8.061587447859111, 44.691693826364457 ], [ 8.061633451888465, 44.691786245588141 ], [ 8.061672390148917, 44.691937264325176 ], [ 8.061679468283984, 44.692019527787309 ], [ 8.061702980498685, 44.692292789796554 ], [ 8.06169583103145, 44.692339533139538 ], [ 8.061714804475381, 44.692510859487591 ], [ 8.061734690353493, 44.692690423919409 ], [ 8.061745628746825, 44.692789194393306 ], [ 8.061688852380566, 44.692907892366748 ], [ 8.061629569547963, 44.693023001913097 ], [ 8.061559435522017, 44.693108052849261 ], [ 8.061467929546872, 44.693219020920161 ], [ 8.061397370847796, 44.693296014472821 ], [ 8.061374949666355, 44.693322671198899 ], [ 8.061296678574619, 44.693391811548061 ], [ 8.061248374045023, 44.693473417459352 ], [ 8.061193350439451, 44.693566374300651 ], [ 8.061148094235133, 44.693679845765409 ], [ 8.061107241576238, 44.693784294333589 ], [ 8.061097680487039, 44.69381296942737 ], [ 8.061110846225661, 44.693853948102877 ], [ 8.0611621725572, 44.694013701979756 ], [ 8.061211454434876, 44.694058462967249 ], [ 8.061270837041018, 44.694128754270459 ], [ 8.061374230695984, 44.694201824029207 ], [ 8.061382356123433, 44.694254029617603 ], [ 8.061395881034336, 44.69436526399884 ], [ 8.061410987185889, 44.694421470817737 ], [ 8.061380770475843, 44.694507273670055 ], [ 8.061330456374531, 44.694650144133448 ], [ 8.061403885020919, 44.694757421431603 ], [ 8.061502169012325, 44.694887777177534 ], [ 8.061709001845781, 44.695120413364485 ], [ 8.061836674979354, 44.695264013203044 ], [ 8.061891081849476, 44.695398971349519 ], [ 8.061885108381329, 44.695575735076702 ], [ 8.061894992801719, 44.695722232592118 ], [ 8.061795993300615, 44.695816896691476 ], [ 8.061748776068677, 44.695869031781065 ], [ 8.061708391086738, 44.695952166147805 ], [ 8.061671984670332, 44.696108541492784 ], [ 8.061807025349699, 44.696270556857343 ], [ 8.061756841011498, 44.696484617021135 ], [ 8.061741583797829, 44.696549695992253 ], [ 8.061717093454201, 44.696638769228819 ], [ 8.061708588694973, 44.696669701615491 ], [ 8.061662017762032, 44.696827943390808 ], [ 8.061653379347929, 44.696921524548323 ], [ 8.061640482632352, 44.696974841700602 ], [ 8.061642578570245, 44.697056874773018 ], [ 8.06163188288642, 44.697206060476894 ], [ 8.061619846558285, 44.697236848149416 ], [ 8.061620917481999, 44.697371907187673 ], [ 8.061653559693454, 44.697454309872022 ], [ 8.061711890224817, 44.697601560095684 ], [ 8.061749079253717, 44.697697386724279 ], [ 8.061761173592142, 44.697728550675727 ], [ 8.061815310435616, 44.697826765702715 ], [ 8.06183839918414, 44.697868653188024 ], [ 8.061879429136001, 44.697950076627855 ], [ 8.061907772935861, 44.697999374557625 ], [ 8.061925005866344, 44.698040053408135 ], [ 8.061970413529567, 44.698126021408584 ], [ 8.062030266639001, 44.698248216403954 ], [ 8.061999227884348, 44.698452677805697 ], [ 8.061939611718458, 44.698526466777885 ], [ 8.061859455752186, 44.698620108940986 ], [ 8.061816920417364, 44.698677325561626 ], [ 8.061749450130147, 44.698751284197691 ], [ 8.061714305406262, 44.698801814734701 ], [ 8.061788324439872, 44.698832482664614 ], [ 8.061923171307013, 44.698888352875706 ], [ 8.062145747816247, 44.698980570948116 ], [ 8.0622793965626, 44.699069625995676 ], [ 8.062496472676036, 44.699214270837729 ], [ 8.062615839061136, 44.699317954255079 ], [ 8.062709692502951, 44.69939947640475 ], [ 8.062671164271073, 44.699540413616425 ], [ 8.062625539936468, 44.699775593932095 ], [ 8.062607248408609, 44.699886540215047 ], [ 8.062587652245021, 44.700106943126208 ], [ 8.062580098225553, 44.700169931014841 ], [ 8.062572609419501, 44.700274905473854 ], [ 8.062574389010363, 44.700410143274226 ], [ 8.062576353346207, 44.700559420264703 ], [ 8.062559446236016, 44.700623538189795 ], [ 8.062515996310754, 44.700951927034922 ], [ 8.062473884633613, 44.701270197775806 ], [ 8.0624706175014, 44.701317125995011 ], [ 8.062455233808492, 44.701480556993552 ], [ 8.062444247129665, 44.70162480889384 ], [ 8.062375613719022, 44.701805948005287 ], [ 8.062304662838383, 44.701993202180013 ], [ 8.062295744765137, 44.702022534074267 ], [ 8.06231925128545, 44.702042948862534 ], [ 8.062396546644521, 44.702054822420777 ], [ 8.062490095506513, 44.702080735970895 ], [ 8.06263213503903, 44.702106932156731 ], [ 8.062807858875798, 44.702139340423074 ], [ 8.062827496528154, 44.702154504060701 ], [ 8.063063834385128, 44.702336996562323 ], [ 8.063152862482568, 44.702387477100295 ], [ 8.06317522712499, 44.702405152134531 ], [ 8.063482362937302, 44.702477633164321 ], [ 8.063827818450504, 44.702634692394767 ], [ 8.063867284398199, 44.702730512919182 ], [ 8.06382616636178, 44.702834829754316 ], [ 8.063816477032342, 44.702859411613659 ], [ 8.063450421462406, 44.703287195826647 ], [ 8.06322189227823, 44.703465488655795 ], [ 8.063169437880198, 44.703506412060925 ], [ 8.063056497593045, 44.703629409417573 ], [ 8.06303696383112, 44.703652947952087 ], [ 8.063099071241719, 44.703766214196357 ], [ 8.063302851447022, 44.703980296413036 ], [ 8.063289525292133, 44.704006643547181 ], [ 8.063275080622535, 44.704035202066784 ], [ 8.063143343690379, 44.70413949243359 ], [ 8.063117159754151, 44.704165897447425 ], [ 8.06297348991089, 44.704258508017126 ], [ 8.062875197997318, 44.704320762354953 ], [ 8.06245376857296, 44.704600095350713 ], [ 8.062361482223166, 44.704663947301349 ], [ 8.062270236001076, 44.704727079384917 ], [ 8.062104437053529, 44.704856048268134 ], [ 8.062047225751197, 44.704903974566925 ], [ 8.061887141053855, 44.705055719860049 ], [ 8.061717038716056, 44.705300074457462 ], [ 8.06171729778819, 44.705326293308126 ], [ 8.061707616914244, 44.7055080378775 ], [ 8.061762738031177, 44.705576248615536 ], [ 8.061908593113849, 44.705756739035138 ], [ 8.061964385924581, 44.705824725675278 ], [ 8.061986768157306, 44.705845460558912 ], [ 8.062068422528531, 44.705918067231508 ], [ 8.062230068409493, 44.706053874159061 ], [ 8.06228602519634, 44.706100886101943 ], [ 8.062258395817677, 44.706146306975029 ], [ 8.062244942950025, 44.706168422571963 ], [ 8.062032357718191, 44.706248747427558 ], [ 8.061726463421982, 44.706379875004338 ], [ 8.061565291081292, 44.706432048243414 ], [ 8.061389254422659, 44.706498519876149 ], [ 8.061283973238602, 44.706538273961336 ], [ 8.061039116874497, 44.706630730925369 ], [ 8.060846421260662, 44.706705783992405 ], [ 8.060706267607111, 44.706797020632777 ], [ 8.060617267196127, 44.706861429714451 ], [ 8.060495408007926, 44.706949618154653 ], [ 8.060449121691553, 44.706969271293403 ], [ 8.060398444673277, 44.707009483564995 ], [ 8.060383193203821, 44.707042988260199 ], [ 8.060352767630119, 44.707122990038691 ], [ 8.060344252373339, 44.707145380229726 ], [ 8.060358765667125, 44.707165385369784 ], [ 8.060430494796249, 44.707264256652437 ], [ 8.060820708673683, 44.707342335359627 ], [ 8.060896588934238, 44.707405621682284 ], [ 8.060888231988944, 44.70743268432971 ], [ 8.060815389847408, 44.707668570970796 ], [ 8.060756410903769, 44.707859562565531 ], [ 8.060354951477599, 44.70804217410226 ], [ 8.06005434360724, 44.708114506778308 ], [ 8.059864326179847, 44.708157747537427 ], [ 8.059815788936104, 44.708174413261162 ], [ 8.059721328360636, 44.708281502944239 ], [ 8.059610365647186, 44.70841230524546 ], [ 8.059604510535912, 44.708518250759987 ], [ 8.059599205680149, 44.708614239271164 ], [ 8.059593753092255, 44.708712900533527 ], [ 8.059598897460209, 44.708781111837872 ], [ 8.0596092576342, 44.708918481237809 ], [ 8.059569178171474, 44.70901277856558 ], [ 8.059399874659826, 44.709084514847632 ], [ 8.059259607250027, 44.709146605416109 ], [ 8.059113576913004, 44.709165443170811 ], [ 8.058979099165384, 44.709213896603359 ], [ 8.058952572693116, 44.709228836469627 ], [ 8.058907614355839, 44.709254157239521 ], [ 8.058837287269686, 44.709293765740455 ], [ 8.058783371624566, 44.709326063651723 ], [ 8.058658053337396, 44.70940860283801 ], [ 8.058493871611834, 44.709482076426468 ], [ 8.058319218647398, 44.709654715331126 ], [ 8.05823249398849, 44.70973859847814 ], [ 8.058047164845396, 44.709881688719591 ], [ 8.057632799496927, 44.710201611179492 ], [ 8.057391551947156, 44.710387309743609 ], [ 8.057280511810351, 44.710472781512088 ], [ 8.057129096775803, 44.710591988312068 ], [ 8.057127962825414, 44.710592881051674 ], [ 8.057128361137176, 44.710593973889793 ], [ 8.057048922253902, 44.710655238938919 ], [ 8.057040783335777, 44.710661515844627 ], [ 8.057148714637259, 44.710744823529282 ], [ 8.05718617070764, 44.71077373423352 ], [ 8.057286606795829, 44.710919614005064 ], [ 8.057300951243326, 44.710962409905299 ], [ 8.057471988582131, 44.711226200589273 ], [ 8.057580269882633, 44.71139320135169 ], [ 8.05776470700027, 44.711691513234292 ], [ 8.057787329335479, 44.711727735073495 ], [ 8.057857025672137, 44.711840953616573 ], [ 8.057998953952499, 44.712071508200097 ], [ 8.058052857146851, 44.712159070415318 ], [ 8.058131577372059, 44.712264811173597 ], [ 8.05821325037758, 44.712400640753799 ], [ 8.058261688540846, 44.712473898429394 ], [ 8.058539969290168, 44.712915171775414 ], [ 8.058561899627481, 44.712949975819519 ], [ 8.058625309753243, 44.71305060916454 ], [ 8.058733945117826, 44.713223015132023 ], [ 8.058817482843757, 44.713350506892873 ], [ 8.058872884991699, 44.71343505897967 ], [ 8.058886609636687, 44.713460644767409 ], [ 8.059040786650073, 44.713653349916555 ], [ 8.059204398937993, 44.713851469792118 ], [ 8.059281570918049, 44.713954292916135 ], [ 8.059445705009525, 44.714159420628881 ], [ 8.059653043056644, 44.714418540391975 ], [ 8.059750175683112, 44.714539930523408 ], [ 8.059839388554915, 44.714651422536896 ], [ 8.059935379834224, 44.71474511188984 ], [ 8.059959896862701, 44.714766764319094 ], [ 8.059997439268042, 44.714805130942082 ], [ 8.060099735031386, 44.714903525506614 ], [ 8.060163500396571, 44.715120460589425 ], [ 8.060176473437572, 44.715176933000947 ], [ 8.060191450954608, 44.715213780066549 ], [ 8.060232288189836, 44.715346408970476 ], [ 8.060296214073562, 44.715485571162937 ], [ 8.060317859697545, 44.715531450406019 ], [ 8.060379510313938, 44.715662122298582 ], [ 8.060421768219564, 44.715725153257296 ], [ 8.060502388310816, 44.715862678659029 ], [ 8.060515326671919, 44.715893977009102 ], [ 8.060573427291379, 44.716015619597925 ], [ 8.060662459802646, 44.716220560673591 ], [ 8.060715041097319, 44.71630487955882 ], [ 8.060781764535715, 44.716423921072 ], [ 8.060794078802353, 44.71644589093998 ], [ 8.060860620443874, 44.716593755476815 ], [ 8.060917642745027, 44.716693549913032 ], [ 8.060993428892377, 44.716838216626449 ], [ 8.061080166002087, 44.716979601888134 ], [ 8.061132689459354, 44.717068642996047 ], [ 8.061240859639186, 44.717251981705004 ], [ 8.06128253119144, 44.717320361844557 ], [ 8.061298951463131, 44.717361758026101 ], [ 8.061334127006594, 44.717448972945803 ], [ 8.06141351166036, 44.717630174207542 ], [ 8.061421939998041, 44.717649412434355 ], [ 8.061573740491253, 44.718003977292135 ], [ 8.061592106200766, 44.718039161013806 ], [ 8.061703208434771, 44.718245321678026 ], [ 8.06180507889129, 44.718434350543561 ], [ 8.061891961989819, 44.718591600959165 ], [ 8.061940937731004, 44.718688666403651 ], [ 8.062006509487031, 44.718813203037605 ], [ 8.062043140766756, 44.718872823949013 ], [ 8.062044352777091, 44.718891506678091 ], [ 8.062090435192234, 44.719030911407089 ], [ 8.062147681015739, 44.719204085821673 ], [ 8.062248287042786, 44.719508426724339 ], [ 8.062306472861255, 44.719719137528891 ], [ 8.06237869080482, 44.719898768300027 ], [ 8.062431279721054, 44.720033656799579 ], [ 8.062480332687723, 44.720159475150858 ], [ 8.062540198726248, 44.720313027724131 ], [ 8.062552230523639, 44.720333597115065 ], [ 8.062585760491155, 44.72042842912326 ], [ 8.062596418727443, 44.720450560422748 ], [ 8.062605876798299, 44.720499107418078 ], [ 8.062636094141558, 44.720629108055107 ], [ 8.062646529784711, 44.720687547149382 ], [ 8.062644392016486, 44.720731978350287 ], [ 8.062696552856863, 44.720832038660575 ], [ 8.062735174344949, 44.720932730174837 ], [ 8.062759919983803, 44.720978883631524 ], [ 8.062811546411487, 44.721102020956906 ], [ 8.06282591813356, 44.721135277932248 ], [ 8.062840271215872, 44.721168934806776 ], [ 8.062860906666096, 44.721200241842169 ], [ 8.062892928999574, 44.721245556382712 ], [ 8.062951873916159, 44.721327937393113 ], [ 8.062966690636438, 44.721348740400586 ], [ 8.063054353306683, 44.721471820413505 ], [ 8.063075436573314, 44.721490381385514 ], [ 8.063227963681323, 44.721624660460293 ], [ 8.063357371449275, 44.721759328988441 ], [ 8.063482958587965, 44.721878713877729 ], [ 8.06361491585346, 44.72200526480151 ], [ 8.063659299458031, 44.722042056483957 ], [ 8.063821567185439, 44.722167675731235 ], [ 8.06389001046216, 44.722220610553677 ], [ 8.064106726235673, 44.722389320513209 ], [ 8.064222010420837, 44.722476382693657 ], [ 8.06428535215656, 44.722527542392832 ], [ 8.064379098626894, 44.722604745718186 ], [ 8.064643724774474, 44.722822037148433 ], [ 8.064724726217918, 44.722890291163289 ], [ 8.064860053167253, 44.722989094469476 ], [ 8.065023390434412, 44.723109303406154 ], [ 8.065289728272173, 44.723306287316724 ], [ 8.065337696516991, 44.723335953961005 ], [ 8.065515657686667, 44.723444735761909 ], [ 8.065732672191272, 44.72357693055509 ], [ 8.065802480996043, 44.723620694645021 ], [ 8.065837319014356, 44.723642535032425 ], [ 8.066364704323544, 44.723973156156127 ], [ 8.066758833900405, 44.724220234401244 ], [ 8.066668645707713, 44.724409183119413 ], [ 8.066651789810729, 44.724444496908461 ], [ 8.066574549932392, 44.724635521798355 ], [ 8.066559761875757, 44.724663191033876 ], [ 8.066492166653088, 44.724789664900058 ], [ 8.066454096937008, 44.724878327508769 ], [ 8.066437922933233, 44.724907402651773 ], [ 8.066374959398422, 44.725071315627943 ], [ 8.066306602836418, 44.72520439344229 ], [ 8.06619449008336, 44.725424951588849 ], [ 8.066181407631055, 44.725449079337437 ], [ 8.066145496164498, 44.725521838683818 ], [ 8.066083122361558, 44.725663189893375 ], [ 8.066045123180803, 44.725752455063109 ], [ 8.065929480357983, 44.725967718567254 ], [ 8.065906238395183, 44.726015428995616 ], [ 8.065809097734391, 44.726212180389815 ], [ 8.06575206730189, 44.726329227951958 ], [ 8.065737509871525, 44.726366115443291 ], [ 8.065667872463509, 44.72653962891669 ], [ 8.065656706018929, 44.72656128164801 ], [ 8.065607546996672, 44.726683183743305 ], [ 8.065579033788524, 44.726753889126201 ], [ 8.065539581395187, 44.726872219867474 ], [ 8.065452313274514, 44.727070888491603 ], [ 8.065423179257458, 44.727164038497641 ], [ 8.065313716053115, 44.727414725925236 ], [ 8.065229338758162, 44.727617107369419 ], [ 8.065206667007125, 44.72767140912319 ], [ 8.065140103750567, 44.727839957731618 ], [ 8.065111664044148, 44.727895984577181 ], [ 8.065092439564539, 44.727944660046823 ], [ 8.065083808529023, 44.728118615729166 ], [ 8.065078253718424, 44.728191606609641 ], [ 8.065066470242666, 44.728346442222779 ], [ 8.065064650567095, 44.728370352792226 ], [ 8.065064857588101, 44.728388880342315 ], [ 8.065068232850169, 44.728411453071907 ], [ 8.065092467163865, 44.728520223770232 ], [ 8.065108702397319, 44.728593092029968 ], [ 8.065114901148325, 44.728655035048767 ], [ 8.065139389050557, 44.728740480863564 ], [ 8.06517089687245, 44.728899667424415 ], [ 8.065167516423744, 44.728934359234501 ], [ 8.065176176261835, 44.728982109708731 ], [ 8.065192010929154, 44.729069422099982 ], [ 8.065199423894537, 44.729114643299013 ], [ 8.065204644128125, 44.729146488169256 ], [ 8.065269902822273, 44.729266947130419 ], [ 8.065332169213267, 44.72938188219856 ], [ 8.065346952175704, 44.729402584298093 ], [ 8.065408494114555, 44.729529977459549 ], [ 8.065424518295965, 44.729561341771507 ], [ 8.065445790210816, 44.729602977476461 ], [ 8.065480185974881, 44.72965515283947 ], [ 8.065521541002555, 44.729750763826658 ], [ 8.065552759910101, 44.729811557724396 ], [ 8.065596481910273, 44.729896699197042 ], [ 8.065616526572978, 44.729930972787436 ], [ 8.065629726527515, 44.729956804910493 ], [ 8.065647816622059, 44.729983304412528 ], [ 8.065652856617888, 44.730001085314164 ], [ 8.065696934398504, 44.730094504737785 ], [ 8.065764841797499, 44.730231105139019 ], [ 8.06577201268655, 44.730253441610607 ], [ 8.065800514146819, 44.73031333974518 ], [ 8.065840924892676, 44.730398265989948 ], [ 8.065906094564099, 44.73051170348235 ], [ 8.065919239027203, 44.730547795075942 ], [ 8.065942778532991, 44.730612428889678 ], [ 8.065969526716534, 44.730638780019703 ], [ 8.065991630953564, 44.730656534872899 ], [ 8.066047025262952, 44.730715185804712 ], [ 8.066065112337254, 44.730733022299901 ], [ 8.066120839762062, 44.730787977588101 ], [ 8.066203126055273, 44.730876156874778 ], [ 8.066218936076234, 44.730890802473809 ], [ 8.066255486409633, 44.730924660806586 ], [ 8.066271898143407, 44.730942144684185 ], [ 8.066303175655809, 44.730973361399293 ], [ 8.066321098507128, 44.730988307497434 ], [ 8.066386167416836, 44.731040391883219 ], [ 8.066453545411937, 44.731086392123501 ], [ 8.066483060227073, 44.731108286344991 ], [ 8.066505946028569, 44.731126719877821 ], [ 8.06668621862042, 44.731263618801982 ], [ 8.066746451645717, 44.731308309382257 ], [ 8.066869647074224, 44.731399715324002 ], [ 8.066932379453021, 44.731439431123775 ], [ 8.067069151535808, 44.731546385447039 ], [ 8.067261794104708, 44.73168849918396 ], [ 8.067301589491215, 44.731715035394352 ], [ 8.067393709952112, 44.731767749339681 ], [ 8.067521237528537, 44.731839453024008 ], [ 8.067573558872777, 44.731860372245556 ], [ 8.067607971987842, 44.731880306138393 ], [ 8.067696128365094, 44.731931370856323 ], [ 8.067724044865365, 44.731942685341664 ], [ 8.067812029369177, 44.73197947442349 ], [ 8.067960983362541, 44.732041756501992 ], [ 8.067982300843763, 44.732054772954847 ], [ 8.068060587868253, 44.732079455956757 ], [ 8.068151731856791, 44.732108192518339 ], [ 8.068187863981084, 44.732119584498065 ], [ 8.068283875850668, 44.732133988350135 ], [ 8.068364593788212, 44.732150324196894 ], [ 8.068452707353048, 44.73216574079219 ], [ 8.068505438841974, 44.732174966804351 ], [ 8.068725822541206, 44.732202274241047 ], [ 8.068754587808337, 44.732205838471941 ], [ 8.068865248369294, 44.732219628534786 ], [ 8.069015884493334, 44.732238400004896 ], [ 8.06915009745474, 44.73225512473077 ], [ 8.069197853862091, 44.732261075500205 ], [ 8.069291322036936, 44.732277219957631 ], [ 8.069331238639402, 44.732278094995998 ], [ 8.069448824557075, 44.73229312133946 ], [ 8.069528430224828, 44.732303294101143 ], [ 8.069678269567547, 44.732307787042643 ], [ 8.069721719306591, 44.732309089848734 ], [ 8.069832074749174, 44.732312398694937 ], [ 8.069949300199399, 44.732310866611343 ], [ 8.070184893044598, 44.732307787155186 ], [ 8.070310647870125, 44.732306143202933 ], [ 8.070463309722925, 44.732293720682598 ], [ 8.070643500843454, 44.732279042179911 ], [ 8.070672595621826, 44.732276672070228 ], [ 8.070818747037643, 44.732260004198352 ], [ 8.070909068296841, 44.732252816894714 ], [ 8.070977136311804, 44.732241940434619 ], [ 8.071149575239813, 44.73219692923481 ], [ 8.071279474217018, 44.732163008787822 ], [ 8.071333662060947, 44.73214877001984 ], [ 8.071460649984905, 44.732108488592239 ], [ 8.071522849767314, 44.732088658928198 ], [ 8.07167954422609, 44.732041225388478 ], [ 8.071708078653012, 44.732029422173966 ], [ 8.071795947914458, 44.732000991006124 ], [ 8.071868855126532, 44.731982757255004 ], [ 8.071950552725237, 44.731945738513076 ], [ 8.071983835390638, 44.731929875104619 ], [ 8.072037121992702, 44.731904477246381 ], [ 8.072173722478668, 44.731839369485662 ], [ 8.072274983361488, 44.731794319363509 ], [ 8.072451185827202, 44.731675448141338 ], [ 8.07250957178532, 44.731636059135148 ], [ 8.072636174631166, 44.731550648578718 ], [ 8.072720462785103, 44.731480515067204 ], [ 8.072862619141377, 44.731378462669674 ], [ 8.072912178621243, 44.73135497601087 ], [ 8.073004764000558, 44.731311098903056 ], [ 8.073124590266353, 44.731254311863644 ], [ 8.073100076846453, 44.731400108255777 ], [ 8.073093456263104, 44.731439484805463 ], [ 8.073076127657508, 44.731542548068155 ], [ 8.073069786084842, 44.731641051435652 ], [ 8.073056769111728, 44.73170038283164 ], [ 8.07302031414976, 44.731866543957949 ], [ 8.073007618472145, 44.731948341267355 ], [ 8.07298627324132, 44.732035473652068 ], [ 8.072972404991617, 44.732110449514579 ], [ 8.072957066845266, 44.732209597242388 ], [ 8.072953904023972, 44.732233866429546 ], [ 8.072948653488542, 44.7322611219263 ], [ 8.072940828475677, 44.732302905568851 ], [ 8.07292200225455, 44.732403432694625 ], [ 8.072916454013633, 44.732433058788196 ], [ 8.07289453572665, 44.732550096150732 ], [ 8.072881248195817, 44.732621047508943 ], [ 8.072861620668956, 44.732725852174468 ], [ 8.072828507041633, 44.732881603936171 ], [ 8.072801952411259, 44.733022932314626 ], [ 8.072774182595778, 44.733170727340998 ], [ 8.072743674297778, 44.73332208911453 ], [ 8.072735059672299, 44.733364828974402 ], [ 8.072712644078582, 44.733476039455979 ], [ 8.072688671282831, 44.733594975185234 ], [ 8.072686849919997, 44.733626085342223 ], [ 8.072682019656735, 44.733656305456279 ], [ 8.072703028939332, 44.733677785514985 ], [ 8.072736901254176, 44.733712294051102 ], [ 8.072777077903705, 44.733753252124025 ], [ 8.072880039707664, 44.733854139674307 ], [ 8.072985611237108, 44.733959222500665 ], [ 8.073102830236596, 44.73407576707266 ], [ 8.073221339448986, 44.734194115789684 ], [ 8.073325033624727, 44.734297871549039 ], [ 8.073364435902796, 44.734336331510619 ], [ 8.073425909480445, 44.734398078519149 ], [ 8.073500936987868, 44.734472234638559 ], [ 8.073597174302124, 44.734568454584284 ], [ 8.073709965946795, 44.734673193982282 ], [ 8.073773435960137, 44.734742033563435 ], [ 8.073898754650131, 44.734866174173824 ], [ 8.074088632305985, 44.735066443264849 ], [ 8.074124602374232, 44.735105819635216 ], [ 8.074155190643522, 44.735137962229409 ], [ 8.074223298761964, 44.735208870131565 ], [ 8.074255019235126, 44.735241675576162 ], [ 8.074285893979591, 44.735273240976049 ], [ 8.074354386121104, 44.735343155346975 ], [ 8.074407141359602, 44.735397382407101 ], [ 8.074458155186917, 44.735449677553348 ], [ 8.074478660901509, 44.735470651956526 ], [ 8.074542007975555, 44.735533038151146 ], [ 8.074570289758883, 44.735562541692261 ], [ 8.074596635207646, 44.735590219587799 ], [ 8.074639442922981, 44.735635532063796 ], [ 8.074683725117451, 44.735682221465254 ], [ 8.074711650069357, 44.735711733757761 ], [ 8.074783918528141, 44.735787957581842 ], [ 8.074813857010849, 44.73581954149904 ], [ 8.074855957361986, 44.735861736060734 ], [ 8.074920442942979, 44.735926701854424 ], [ 8.074945275416381, 44.735951623289878 ], [ 8.074991377143444, 44.735999767274443 ], [ 8.075051183212981, 44.736062602134936 ], [ 8.075077366753691, 44.736090229156872 ], [ 8.075123854745231, 44.736140602176171 ], [ 8.075192021407412, 44.736207655717415 ], [ 8.075264209105075, 44.736286437662827 ], [ 8.075329641698465, 44.736246519551173 ], [ 8.075490810729894, 44.736154181774815 ], [ 8.075679537969039, 44.73604605454166 ], [ 8.075874359349921, 44.735934435043291 ], [ 8.076068099719709, 44.735823434128555 ], [ 8.076333553027872, 44.735671345024215 ], [ 8.077163138039488, 44.735197789708977 ], [ 8.077654715417252, 44.734917728663994 ], [ 8.078151105585677, 44.734634920742629 ], [ 8.078527472726718, 44.734420490124954 ], [ 8.07858207582143, 44.734389380436511 ], [ 8.078772662418263, 44.734280794735135 ], [ 8.078983598967838, 44.734160613903541 ], [ 8.079042375869422, 44.734140705677312 ], [ 8.079199704205646, 44.73404912275852 ], [ 8.079246584357151, 44.734021833099504 ], [ 8.079411423907947, 44.733925877095359 ], [ 8.079626771052496, 44.733800518887122 ], [ 8.079708761691723, 44.733761776782586 ], [ 8.079847873829381, 44.733676514587771 ], [ 8.079879533015676, 44.733657110530011 ], [ 8.080260047845686, 44.733811123947049 ], [ 8.080601370871403, 44.733949272708635 ], [ 8.080977298237505, 44.734101425465774 ], [ 8.081363224058499, 44.734257622884734 ], [ 8.081743444131385, 44.734411508900664 ], [ 8.082022204798426, 44.734524330053851 ], [ 8.082254909891461, 44.734628261837088 ], [ 8.082367621420429, 44.734673549896897 ], [ 8.082807016218128, 44.734850099207236 ], [ 8.083048118173487, 44.734946973065533 ], [ 8.083251236123258, 44.735028622152186 ], [ 8.083580745236091, 44.735161076539384 ], [ 8.083699781714728, 44.735208633644135 ], [ 8.083777602373681, 44.735239668676726 ], [ 8.083804431329158, 44.735383047968547 ], [ 8.083832464048527, 44.735531675767483 ], [ 8.083843957231622, 44.735577353182116 ], [ 8.083865147547225, 44.735674442303242 ], [ 8.083886175884819, 44.735770788964039 ], [ 8.083915055477222, 44.735898029088908 ], [ 8.083921934322285, 44.73593696459443 ], [ 8.084015910486258, 44.73640518667461 ], [ 8.084043418127932, 44.736546080019814 ], [ 8.084058546085751, 44.73657891777323 ], [ 8.084155614885976, 44.737075623911103 ], [ 8.08432203929449, 44.737927207080119 ], [ 8.084406853170576, 44.738361184963644 ], [ 8.084569935802918, 44.73919563274093 ], [ 8.0846463774366, 44.73958675495664 ], [ 8.08468058565399, 44.739733933237126 ], [ 8.084731766731652, 44.740011732122369 ], [ 8.084768553247734, 44.740175728346244 ], [ 8.084818704105931, 44.740463534001023 ], [ 8.084822022429035, 44.740482577090383 ], [ 8.084958564836798, 44.741201377199999 ], [ 8.084974270799298, 44.741268295065922 ], [ 8.084999116319826, 44.741364577750545 ], [ 8.085015487927066, 44.741458906637682 ], [ 8.085051558406525, 44.741654094766389 ], [ 8.085071570728504, 44.741775970213062 ], [ 8.085074503385082, 44.741796299751186 ], [ 8.08510027302299, 44.741911614116155 ], [ 8.085125074636377, 44.742053756786575 ], [ 8.08513545293321, 44.742099262482213 ], [ 8.084861931555826, 44.742092672102032 ], [ 8.084802821561016, 44.742088489227342 ], [ 8.083752532245981, 44.742063535130569 ], [ 8.083413542303914, 44.742054588469948 ], [ 8.082909795083511, 44.742045817849842 ], [ 8.082091105539893, 44.742031559100823 ], [ 8.081341028893906, 44.742030853785096 ], [ 8.081024611941796, 44.742401990001532 ], [ 8.080965222943618, 44.742469917415086 ], [ 8.080933128353713, 44.742506626195855 ], [ 8.080890751191321, 44.742555095772815 ], [ 8.080825661571312, 44.742629542905775 ], [ 8.080771637064528, 44.742691265092297 ], [ 8.080757658446448, 44.742709029616712 ], [ 8.080716927056335, 44.742758112411579 ], [ 8.080671015129447, 44.742814649789175 ], [ 8.080620507208183, 44.742870431624418 ], [ 8.080477830372887, 44.743031264696064 ], [ 8.0803921760803, 44.743132213819273 ], [ 8.080275947147642, 44.7432691964583 ], [ 8.080217032977556, 44.74332549397603 ], [ 8.079965209333816, 44.743622036779811 ], [ 8.079926106360205, 44.74366808338204 ], [ 8.079874593237953, 44.743714930414463 ], [ 8.079851671067038, 44.743741370110712 ], [ 8.079802192910186, 44.743808621027604 ], [ 8.079767455910902, 44.743845292911907 ], [ 8.079735146710727, 44.74389036896293 ], [ 8.079675638810018, 44.743956724148099 ], [ 8.07958228971455, 44.744056853649361 ], [ 8.079534731377036, 44.744114343723091 ], [ 8.079373900160045, 44.744295280672617 ], [ 8.079329229343379, 44.744345535605682 ], [ 8.079073030777641, 44.744639087990542 ], [ 8.078933500870653, 44.744799641973046 ], [ 8.078882793441847, 44.74485798962511 ], [ 8.078832597232452, 44.744915748891081 ], [ 8.07872542696512, 44.745039066023395 ], [ 8.078706257878585, 44.745060835011593 ], [ 8.078646343382033, 44.745128875578423 ], [ 8.078624760333536, 44.74515689343265 ], [ 8.078569075012364, 44.745224049449881 ], [ 8.07852918258752, 44.745274900964326 ], [ 8.078361298897605, 44.745459683414389 ], [ 8.078293208115827, 44.745540032238047 ], [ 8.078193814107676, 44.745602101174946 ], [ 8.078018218899075, 44.745711755210451 ], [ 8.077894432197464, 44.745808971027579 ], [ 8.077842024229435, 44.745852629479934 ], [ 8.077723459636561, 44.745951399366348 ], [ 8.077664240812558, 44.745990479578566 ], [ 8.077548659543329, 44.746081739441607 ], [ 8.077456073507404, 44.746155253755703 ], [ 8.077394660535463, 44.746204016173827 ], [ 8.077252906813833, 44.746317564354314 ], [ 8.077222262305902, 44.746346115012528 ], [ 8.077163956728365, 44.746400436638616 ], [ 8.077136730365011, 44.746415414985329 ], [ 8.077117469863197, 44.746435662221465 ], [ 8.07709017452941, 44.746471313281937 ], [ 8.077033937097658, 44.746544766117921 ], [ 8.076986207816194, 44.746601224060704 ], [ 8.076918473030418, 44.746669238468435 ], [ 8.076738127814803, 44.746874594808773 ], [ 8.076693005386272, 44.746922725358623 ], [ 8.076593705277347, 44.747013904242593 ], [ 8.076346419830609, 44.747257331260592 ], [ 8.076301797892818, 44.747331327410222 ], [ 8.076266995821406, 44.747473661120118 ], [ 8.076169952322539, 44.747603751753473 ], [ 8.076111613326752, 44.747711681990189 ], [ 8.076072188173812, 44.74779931933697 ], [ 8.075994571439349, 44.748158284818729 ], [ 8.075984153656522, 44.748222876876987 ], [ 8.07600170808702, 44.748334575507819 ], [ 8.076059504429629, 44.748564421455093 ], [ 8.076153034183905, 44.748762483016236 ], [ 8.076272084234438, 44.748951083399774 ], [ 8.076309528808659, 44.749029070836777 ], [ 8.076399707166505, 44.749189729224653 ], [ 8.076575064079755, 44.749492065819474 ], [ 8.076649543378112, 44.749563921169532 ], [ 8.076783721914238, 44.74971371098534 ], [ 8.077087548419531, 44.749914070776612 ], [ 8.077149093086234, 44.749955962344707 ], [ 8.077364614220707, 44.750102660239122 ], [ 8.077460791990879, 44.750169419380853 ], [ 8.077557494983338, 44.750231422302136 ], [ 8.077625245228324, 44.750274861503904 ], [ 8.077694935094689, 44.750312899526001 ], [ 8.077801706459638, 44.750371177139407 ], [ 8.077901339352866, 44.750416446942609 ], [ 8.078112516959008, 44.750514071530247 ], [ 8.078318493588881, 44.750594009221963 ], [ 8.078429881419831, 44.750622563265907 ], [ 8.078550126351082, 44.750635146552376 ], [ 8.078854715199626, 44.750639764395366 ], [ 8.079022249770608, 44.750652926674519 ], [ 8.079330862301283, 44.750644423322676 ], [ 8.079542480113799, 44.750648460799319 ], [ 8.079956905334472, 44.750619437094379 ], [ 8.080312810268049, 44.750620071340677 ], [ 8.080736068447832, 44.750565360334157 ], [ 8.081105258571881, 44.750591229319475 ], [ 8.08143439706198, 44.750602574841643 ], [ 8.081474489078989, 44.75059913638384 ], [ 8.081623553484315, 44.750586351874432 ], [ 8.081682284574971, 44.750581314747102 ], [ 8.081817628349468, 44.750558620707579 ], [ 8.08200407890307, 44.750535426648163 ], [ 8.082048736294249, 44.75052404757141 ], [ 8.082224687597224, 44.750470078738331 ], [ 8.082295411083269, 44.750417410511375 ], [ 8.08278594158703, 44.750054746182776 ], [ 8.083009222052425, 44.749889665823979 ], [ 8.083109383861384, 44.749815640809295 ], [ 8.083483959513662, 44.749540078330568 ], [ 8.083517487103554, 44.749515413041223 ], [ 8.083930107095552, 44.749210657871757 ], [ 8.083949699341177, 44.749197285403859 ], [ 8.084129719115495, 44.749063326544949 ], [ 8.084553751833441, 44.748740527153757 ], [ 8.085007752268504, 44.748412562042368 ], [ 8.085395102245011, 44.748126572021413 ], [ 8.085780845186822, 44.747842733419773 ], [ 8.085905983718362, 44.747750652699722 ], [ 8.086210494866371, 44.747526582363449 ], [ 8.086675617896026, 44.747184323020171 ], [ 8.087110092709969, 44.747602767834245 ], [ 8.087504323446268, 44.747982446761036 ], [ 8.08772492565417, 44.748179632398077 ], [ 8.087874849776787, 44.748322106013994 ], [ 8.088262644047004, 44.748692572952002 ], [ 8.088334905998364, 44.74876161402203 ], [ 8.088418524812285, 44.748846751757753 ], [ 8.088679620074979, 44.749112587780758 ], [ 8.088721190389661, 44.749152139735813 ], [ 8.088835142291327, 44.749260558589043 ], [ 8.0889873619599, 44.749405386273978 ], [ 8.089139448718445, 44.749550086583021 ], [ 8.089366207994813, 44.749765831056251 ], [ 8.089443379753469, 44.749839253740191 ], [ 8.089523589993782, 44.74990224798406 ], [ 8.089591376133729, 44.749979719058828 ], [ 8.089734535393655, 44.75010461190881 ], [ 8.089831075245497, 44.750207174536378 ], [ 8.089955563451955, 44.750313708452765 ], [ 8.090047305682114, 44.750412334673477 ], [ 8.090240041444059, 44.750595187755749 ], [ 8.090303904048605, 44.750655775430033 ], [ 8.090385663487197, 44.750733341937362 ], [ 8.090417462304899, 44.750752738788222 ], [ 8.090428045437987, 44.750773548738053 ], [ 8.090526535000508, 44.750866979092649 ], [ 8.090627062314343, 44.750962342127487 ], [ 8.090723885111698, 44.751054190575687 ], [ 8.090772433632161, 44.75110024265588 ], [ 8.091019732141044, 44.75132627770904 ], [ 8.091118499583178, 44.751428405072758 ], [ 8.091217650112856, 44.751522425230441 ], [ 8.091238943766015, 44.75154261702977 ], [ 8.091313490682191, 44.751613267838955 ], [ 8.091459683512097, 44.751751819434595 ], [ 8.091538162290018, 44.75182619592055 ], [ 8.091607863056419, 44.751892226589369 ], [ 8.091729907346119, 44.752007844168261 ], [ 8.091817286891176, 44.752090622046346 ], [ 8.091867560051696, 44.752127965266801 ], [ 8.091907883744867, 44.752176422938533 ], [ 8.091976453614643, 44.752241346072942 ], [ 8.092014361330435, 44.752262866523154 ], [ 8.092137621171949, 44.752393924044455 ], [ 8.0921678343637, 44.752407942286119 ], [ 8.092240682954628, 44.752491466574945 ], [ 8.092330852459826, 44.752571070264572 ], [ 8.092365282460943, 44.752609385472141 ], [ 8.092416707237296, 44.75265805225343 ], [ 8.092465675123577, 44.752694023007479 ], [ 8.092506778746545, 44.752743275059466 ], [ 8.092592785633309, 44.752824637318589 ], [ 8.092712926683729, 44.752938289906943 ], [ 8.092820963254129, 44.753040491256534 ], [ 8.092934756978998, 44.753148138310358 ], [ 8.093044048159832, 44.753251525548663 ], [ 8.093160350807201, 44.753350512156217 ], [ 8.093267889109729, 44.753463296339149 ], [ 8.093394629634382, 44.75358324606168 ], [ 8.093456294004586, 44.753641606204013 ], [ 8.093503158686858, 44.753685959585596 ], [ 8.093566866983011, 44.753735390552706 ], [ 8.093617990575849, 44.753794679180153 ], [ 8.093667914119461, 44.753828090993274 ], [ 8.093733006452293, 44.753903663615873 ], [ 8.094030038676275, 44.754177851474587 ], [ 8.094179812267665, 44.754327392726907 ], [ 8.094303775824123, 44.7544260330938 ], [ 8.094390214624102, 44.754511233877963 ], [ 8.094614716913794, 44.754732519276409 ], [ 8.094690308664733, 44.754807027397 ], [ 8.094869091741494, 44.754983246609008 ], [ 8.095041738675741, 44.755147797714699 ], [ 8.095092932780817, 44.755196590976979 ], [ 8.095184313667881, 44.755283625341825 ], [ 8.095317759081231, 44.755410722840622 ], [ 8.09544269430687, 44.755518562633448 ], [ 8.095548877525799, 44.75563056748679 ], [ 8.095571481912156, 44.755652041184639 ], [ 8.095736194778642, 44.755789992012652 ], [ 8.095885659531225, 44.755934952414698 ], [ 8.096026039318069, 44.756071100806636 ], [ 8.09637307824792, 44.75640767565627 ], [ 8.096416927928573, 44.756450202809603 ], [ 8.096709288522419, 44.756723711720603 ], [ 8.096985295466881, 44.756981918441532 ], [ 8.097265443121712, 44.757243947079672 ], [ 8.097403041513871, 44.757162641007774 ], [ 8.097471904186913, 44.75712569075111 ], [ 8.098887613984644, 44.756366030943191 ], [ 8.09949072399165, 44.756040745284785 ], [ 8.100172687887493, 44.755672921698441 ], [ 8.100743267707847, 44.755365167376347 ], [ 8.101191939200305, 44.755110061052171 ], [ 8.101360523667802, 44.755017448841222 ], [ 8.101730587350461, 44.754814151696891 ], [ 8.102184605135323, 44.754566356299563 ], [ 8.102760001430743, 44.754252308831212 ], [ 8.102803692142874, 44.754228462471602 ], [ 8.102926272121755, 44.754161558210598 ], [ 8.103557048628414, 44.753817651081086 ], [ 8.103676683454935, 44.75375312187002 ], [ 8.103750363575083, 44.753712979718692 ], [ 8.103907634049627, 44.753628257697301 ], [ 8.104161154935086, 44.753489168978739 ], [ 8.104273033578728, 44.753428213287556 ], [ 8.104324542157721, 44.753400319757965 ], [ 8.104415275412943, 44.753350787190698 ], [ 8.104531234076823, 44.753286758917532 ], [ 8.104580513217975, 44.753260479499396 ], [ 8.104613295796895, 44.753242997288453 ], [ 8.105047228735012, 44.753004237419532 ], [ 8.10512404165919, 44.752962191920915 ], [ 8.105214438004284, 44.752912430431344 ], [ 8.105365760833974, 44.752834282991891 ], [ 8.105440477248814, 44.752795697144279 ], [ 8.105564439027274, 44.752731679257856 ], [ 8.105601368229472, 44.752712607765233 ], [ 8.105682314467677, 44.752670804295832 ], [ 8.10614317564332, 44.752422981139695 ], [ 8.10664398781859, 44.752143160647705 ], [ 8.10671928254318, 44.752101090542503 ], [ 8.107172192833143, 44.751832482059449 ], [ 8.107646488970961, 44.751549686196377 ], [ 8.107677273858082, 44.751524022909223 ], [ 8.107778643972864, 44.751439522147621 ], [ 8.107844068138323, 44.751384985264259 ], [ 8.108280969306081, 44.751140708753034 ], [ 8.108309565410101, 44.751124731120022 ], [ 8.108364286311653, 44.751094112629417 ], [ 8.108704460032067, 44.750895272011711 ], [ 8.108738722748621, 44.750875239898036 ], [ 8.108790980856389, 44.750844686513254 ], [ 8.108808741357914, 44.750824256424323 ], [ 8.10898890022135, 44.750645782926433 ], [ 8.109188235234548, 44.7505882058026 ], [ 8.109288312084455, 44.750559298828286 ], [ 8.109381107384301, 44.750489066366534 ], [ 8.109441416047767, 44.750443421401087 ], [ 8.109511434034689, 44.750388017240255 ], [ 8.109538517379415, 44.750366586563935 ], [ 8.109560066716879, 44.75034740494285 ], [ 8.109648000906011, 44.750252338503429 ], [ 8.109740474051316, 44.750203066270373 ], [ 8.109774645262959, 44.750181498861338 ], [ 8.109806174731414, 44.750162602874667 ], [ 8.109958851917007, 44.750118344139885 ], [ 8.10998738446326, 44.750110072969463 ], [ 8.110083155800757, 44.75009393331819 ], [ 8.110117278913613, 44.750064857646869 ], [ 8.11027461570507, 44.749930793370979 ], [ 8.110386045116567, 44.749865730473338 ], [ 8.110517633148529, 44.749786535037074 ], [ 8.110634050950129, 44.74972127548979 ], [ 8.110715912849074, 44.749675386552916 ], [ 8.110768088480341, 44.749645452312059 ], [ 8.110941640533508, 44.749545381032597 ], [ 8.110965134732693, 44.749532258497162 ], [ 8.111048732585102, 44.749483660716805 ], [ 8.111137262588983, 44.749429020739171 ], [ 8.111173179396953, 44.749410288547466 ], [ 8.111312159096672, 44.749316135131892 ], [ 8.111342207108759, 44.749300880889599 ], [ 8.111372435225867, 44.749279842672905 ], [ 8.111426371176169, 44.749247369224868 ], [ 8.111606689486811, 44.74914199445498 ], [ 8.111647207224605, 44.749118967453839 ], [ 8.111813775231349, 44.749024303340761 ], [ 8.111851344112079, 44.748998655858422 ], [ 8.111901901845938, 44.748968485351824 ], [ 8.111921866303042, 44.748957200867629 ], [ 8.112098099327088, 44.748851483042543 ], [ 8.112185992992742, 44.748801589299738 ], [ 8.112206599587061, 44.74878989173223 ], [ 8.112263307498806, 44.74875335510918 ], [ 8.11231440431234, 44.748723142885581 ], [ 8.112386060180173, 44.74867185317293 ], [ 8.112547739264178, 44.748556126295064 ], [ 8.112696462167497, 44.748497962692802 ], [ 8.112752968346042, 44.748464823624737 ], [ 8.112863263775878, 44.748399552951192 ], [ 8.112902069459833, 44.748371876898581 ], [ 8.113071511450286, 44.74838428836842 ], [ 8.113276570090203, 44.748399672040385 ], [ 8.113705578237637, 44.748431855376957 ], [ 8.113777926726017, 44.748436997080091 ], [ 8.113879151941592, 44.748444190932361 ], [ 8.113952125930878, 44.748438845507749 ], [ 8.11402295175346, 44.748433657393115 ], [ 8.114125850137091, 44.74840621619142 ], [ 8.11420724334068, 44.748400314257665 ], [ 8.114274037376269, 44.748387939912888 ], [ 8.114350568970519, 44.74836945719197 ], [ 8.11466187593504, 44.748260516619787 ], [ 8.114893722222508, 44.748093927561378 ], [ 8.114927278721071, 44.748069687314654 ], [ 8.115025626426281, 44.748020487119554 ], [ 8.115058998105706, 44.748000510095579 ], [ 8.115234284234775, 44.747944939105977 ], [ 8.115392792453807, 44.747906874725437 ], [ 8.115431415345073, 44.747946099094406 ], [ 8.115475912703692, 44.747995346232308 ], [ 8.115554520802817, 44.748107485459855 ], [ 8.115633919807227, 44.748224670318287 ], [ 8.115864224871391, 44.748564574212097 ], [ 8.115984052938495, 44.748751467599675 ], [ 8.116009656275075, 44.748789395745504 ], [ 8.116254135387315, 44.749151558255143 ], [ 8.116352834100551, 44.749297765538891 ], [ 8.116366451398314, 44.749322878884648 ], [ 8.116421284223723, 44.749395208045392 ], [ 8.11647182074541, 44.749465769749641 ], [ 8.116614499149035, 44.749626045039584 ], [ 8.116704956564336, 44.749720431090097 ], [ 8.116959175652742, 44.74998835185238 ], [ 8.117297438381724, 44.750344841274718 ], [ 8.117340597061794, 44.75040014471346 ], [ 8.117489288671843, 44.750544318209961 ], [ 8.117507564043557, 44.750561033792259 ], [ 8.117587299676503, 44.750674333949732 ], [ 8.117624584159744, 44.750764888634329 ], [ 8.117664659610766, 44.750862221557533 ], [ 8.117714884643654, 44.750971241424004 ], [ 8.117772222628481, 44.751087802733402 ], [ 8.117895069243874, 44.751337533649561 ], [ 8.117917711005754, 44.751385558581553 ], [ 8.117929677870771, 44.751445138093345 ], [ 8.117951005399902, 44.751551321310636 ], [ 8.11798849835194, 44.751550179005271 ], [ 8.118270614523437, 44.7515415833182 ], [ 8.118549987053497, 44.751533070536404 ], [ 8.118610602551064, 44.751537128522472 ], [ 8.11866595599923, 44.751529718127088 ], [ 8.118807972010618, 44.751525862645323 ], [ 8.118968106653071, 44.75152151090797 ], [ 8.11940157811372, 44.751509729978302 ], [ 8.119496726448592, 44.751509617910592 ], [ 8.120029992732141, 44.751492358306699 ], [ 8.120144406731614, 44.751489185675915 ], [ 8.120320347176909, 44.751484300652386 ], [ 8.120383309750016, 44.75148259750064 ], [ 8.12060475311687, 44.751476607131146 ], [ 8.120662982050893, 44.751475030402879 ], [ 8.120716487418258, 44.751473581553491 ], [ 8.120773265482239, 44.751472044056626 ], [ 8.121131740946032, 44.751477793706279 ], [ 8.12131229571672, 44.7511347253404 ], [ 8.121406747826656, 44.750974753248535 ], [ 8.121453917156915, 44.750894862909895 ], [ 8.12149578722658, 44.750794584786448 ], [ 8.121518775523409, 44.750749815080631 ], [ 8.121563523734771, 44.750752760539044 ], [ 8.121745918585519, 44.750749524646416 ], [ 8.12218629978477, 44.750772260392388 ], [ 8.122688703946116, 44.750777093667452 ], [ 8.12282870454071, 44.75077699709874 ], [ 8.1232286272868, 44.75070655211335 ], [ 8.123508386129426, 44.75067628523248 ], [ 8.123753144452859, 44.750649777355449 ], [ 8.12404651034168, 44.750336007635099 ], [ 8.124086135910987, 44.750285735644802 ], [ 8.124132157003983, 44.750234320645973 ], [ 8.124245720861044, 44.7501074925718 ], [ 8.124272490946767, 44.750086798229191 ], [ 8.124363459877673, 44.74997759250703 ], [ 8.124383648290642, 44.749954849972134 ], [ 8.124526227335695, 44.749794232027902 ], [ 8.124704565572793, 44.749595398578577 ], [ 8.124732120423126, 44.749564676886372 ], [ 8.124991930244223, 44.749277534557159 ], [ 8.125047586589636, 44.749216022600862 ], [ 8.125253992097058, 44.748995886355402 ], [ 8.125437212323774, 44.748800476011304 ], [ 8.125532042548601, 44.748680473530136 ], [ 8.125663039783058, 44.74853570907068 ], [ 8.125805278071388, 44.748378521170132 ], [ 8.126011776283717, 44.748156118581157 ], [ 8.126089826889819, 44.748064200774266 ], [ 8.126131224851916, 44.748018521064395 ], [ 8.126374821277182, 44.748007239589263 ], [ 8.12641713066769, 44.74800266513963 ], [ 8.126629965314493, 44.747995573516448 ], [ 8.126835518945251, 44.747986252864166 ], [ 8.126985574346598, 44.747977907211606 ], [ 8.127075829594009, 44.747975587381028 ], [ 8.1271165439379, 44.747973615071679 ], [ 8.127537521602813, 44.747954939925421 ], [ 8.127861727525421, 44.747940378917264 ], [ 8.127929530732594, 44.747940811941881 ], [ 8.128063062088851, 44.747938277886227 ], [ 8.128106862582511, 44.747937446639995 ], [ 8.128411439828165, 44.747938737704544 ], [ 8.128487852780438, 44.747937908248211 ], [ 8.128784282578588, 44.747938615224626 ], [ 8.129030762584966, 44.747939194608847 ], [ 8.129130483266506, 44.747938979478995 ], [ 8.129319637297677, 44.747938556230487 ], [ 8.129401856665531, 44.747937473234494 ], [ 8.129446521899684, 44.747936810904186 ], [ 8.129793458837415, 44.747863264072727 ], [ 8.129929082828857, 44.747829303426002 ], [ 8.130225604431187, 44.747762323969269 ], [ 8.130390790076902, 44.747725010788336 ], [ 8.130690485424319, 44.747657312967604 ], [ 8.130826081878332, 44.747569977407515 ], [ 8.130929143587876, 44.747503589542646 ], [ 8.130974081856746, 44.747478458310852 ], [ 8.131036265001637, 44.747435240114577 ], [ 8.131094089335894, 44.747398567593343 ], [ 8.131230723327482, 44.747311913236203 ], [ 8.131325327002875, 44.747275276835204 ], [ 8.131368954892352, 44.747258381372639 ], [ 8.131391604400628, 44.74724899426662 ], [ 8.131461057312107, 44.747238410682513 ], [ 8.131629871590041, 44.747147383722933 ], [ 8.131660605711913, 44.747135422646629 ], [ 8.131864337311804, 44.747060514920129 ], [ 8.131899273140423, 44.747048381429082 ], [ 8.132021392307104, 44.747009125532422 ], [ 8.132217211745294, 44.746953865673895 ], [ 8.132274816173689, 44.746937609733635 ], [ 8.132311847906545, 44.746937377623162 ], [ 8.132531474003745, 44.746881060019504 ], [ 8.132565133299941, 44.746872588195515 ], [ 8.132592085984953, 44.74686580437259 ], [ 8.132918725155776, 44.74678192264011 ], [ 8.133055374119502, 44.746752626438791 ], [ 8.133085632462755, 44.746747290579464 ], [ 8.133240051243538, 44.746747221001215 ], [ 8.133365394561306, 44.746730877851874 ], [ 8.133446477552038, 44.746689122545092 ], [ 8.133498152221705, 44.7466645601693 ], [ 8.133638622765902, 44.746562659898466 ], [ 8.133674960867362, 44.746536913754028 ], [ 8.133864095707976, 44.746404028606321 ], [ 8.133933288475788, 44.746330536446216 ], [ 8.133976265108167, 44.746295137292847 ], [ 8.134045799401418, 44.746224309188214 ], [ 8.134141033963925, 44.74612730226022 ], [ 8.13424791738556, 44.74599368446281 ], [ 8.134283345082574, 44.745962411087085 ], [ 8.134336337602404, 44.745883608739717 ], [ 8.134391756183268, 44.745801198466786 ], [ 8.134468287970039, 44.745697407362485 ], [ 8.134522624017745, 44.74560294084317 ], [ 8.134540919504532, 44.745572141654108 ], [ 8.134573133653157, 44.745494123871424 ], [ 8.1346076628968, 44.745410499030697 ], [ 8.134735339670639, 44.745200269469642 ], [ 8.134866403136819, 44.744991800472953 ], [ 8.134922951820046, 44.744901853857542 ], [ 8.135019196260114, 44.744770359624631 ], [ 8.13504026900654, 44.744749310708187 ], [ 8.135171177478531, 44.744618549838165 ], [ 8.135290898058608, 44.744498963589379 ], [ 8.135457689476391, 44.744320309027906 ], [ 8.135564521113478, 44.744215885706232 ], [ 8.135743560547066, 44.74408198501478 ], [ 8.135880557248402, 44.743983434342837 ], [ 8.135957790241914, 44.743926448346379 ], [ 8.136008637636145, 44.743888930748099 ], [ 8.13603263549939, 44.743871876741068 ], [ 8.136105503367274, 44.743820093323599 ], [ 8.136226509829793, 44.743745493668378 ], [ 8.136477584860602, 44.743504844345068 ], [ 8.136577365243893, 44.743376693916545 ], [ 8.136602176360839, 44.743344828278801 ], [ 8.136619442328227, 44.743322653071452 ], [ 8.136621037024428, 44.743280944765573 ], [ 8.136647437360063, 44.742590449601067 ], [ 8.136644955097475, 44.742545297606533 ], [ 8.136642899999647, 44.742507915630512 ], [ 8.136655393964078, 44.742285593559906 ], [ 8.136657360856281, 44.742120699364037 ], [ 8.136659714309834, 44.74196926650378 ], [ 8.13665982211114, 44.741947744471595 ], [ 8.136662528046656, 44.741858828953333 ], [ 8.136666515178865, 44.741727813409298 ], [ 8.136668710435838, 44.741655845813462 ], [ 8.136677663037588, 44.741386117842474 ], [ 8.136683898667686, 44.741344744205328 ], [ 8.136685679709746, 44.741260362050369 ], [ 8.136689729847445, 44.741068473505578 ], [ 8.136725574693481, 44.740987138377662 ], [ 8.136870007820534, 44.740672083823846 ], [ 8.136931699046759, 44.740537514529599 ], [ 8.136995629717703, 44.740418064361485 ], [ 8.137007252214719, 44.74038865009836 ], [ 8.137068105668268, 44.740249395580797 ], [ 8.137126539362056, 44.740111312571251 ], [ 8.137286193852848, 44.739768696191604 ], [ 8.137328514259059, 44.739677876440062 ], [ 8.137374521885858, 44.739590061921845 ], [ 8.137390396232977, 44.73955302360794 ], [ 8.137445667220979, 44.739428986865185 ], [ 8.137558007874603, 44.739176875109642 ], [ 8.137635042026, 44.739003348368158 ], [ 8.137694117050328, 44.73887027551055 ], [ 8.137789133624695, 44.738656193600889 ], [ 8.137833406683098, 44.738556441362739 ], [ 8.137849647528075, 44.73851984000904 ], [ 8.137870722362461, 44.738472344409544 ], [ 8.137884315187554, 44.738441710702141 ], [ 8.138016367493606, 44.738144106910539 ], [ 8.1380428543818, 44.738084379631573 ], [ 8.137956741816151, 44.737889386618512 ], [ 8.137919555484181, 44.737817762338658 ], [ 8.137909152019709, 44.737794818987155 ], [ 8.137840272919709, 44.737642915517362 ], [ 8.137808706132846, 44.737616477653852 ], [ 8.137608655756896, 44.737623192336855 ], [ 8.137520483370984, 44.737626980266427 ], [ 8.137258790401967, 44.737632289010001 ], [ 8.136925434110843, 44.737576943200118 ], [ 8.136720717497875, 44.737491860182971 ], [ 8.136687247986231, 44.737482017316154 ], [ 8.136525145963576, 44.737385108965334 ], [ 8.136466468969834, 44.73731386158564 ], [ 8.136384797442034, 44.737214693208195 ], [ 8.136377886058833, 44.737196288407432 ], [ 8.136280853077846, 44.737062693757963 ], [ 8.136251688426075, 44.737023199397491 ], [ 8.136219666429598, 44.736988030596315 ], [ 8.136253968698256, 44.73695360364065 ], [ 8.136391250149726, 44.736819084470916 ], [ 8.13645626173102, 44.736755380728539 ], [ 8.136566638442666, 44.736728587712719 ], [ 8.136581390989825, 44.736709668633573 ], [ 8.136564673386903, 44.736694882025461 ], [ 8.136492809437451, 44.736631318729067 ], [ 8.136459927937722, 44.736573978476258 ], [ 8.136343631745168, 44.736432495730639 ], [ 8.136319429474314, 44.7362018362142 ], [ 8.136307361228654, 44.736166649472132 ], [ 8.136308987182101, 44.736146380098212 ], [ 8.13628680187705, 44.736090418374189 ], [ 8.136267907045758, 44.736018405020125 ], [ 8.136239223902709, 44.735924261298422 ], [ 8.136238281130701, 44.735796904392927 ], [ 8.136241968958247, 44.735767016850751 ], [ 8.136226797133205, 44.735740912813441 ], [ 8.136151808783698, 44.735611890477855 ], [ 8.136144919794271, 44.735543336127947 ], [ 8.136083843474363, 44.735410335237276 ], [ 8.136155910130576, 44.735333186813747 ], [ 8.136214816748062, 44.735270126217969 ], [ 8.13623349780978, 44.73523043546345 ], [ 8.136220420183241, 44.7351074021568 ], [ 8.136130640752517, 44.734959652802878 ], [ 8.136090045935033, 44.734903170064804 ], [ 8.136033548704649, 44.734863793309138 ], [ 8.13588149029464, 44.734860745794464 ], [ 8.135842989268214, 44.734831226863598 ], [ 8.135828438957979, 44.734732981050399 ], [ 8.13584337157079, 44.734695928298741 ], [ 8.135887797157796, 44.734585693424123 ], [ 8.13593060924015, 44.734479461776289 ], [ 8.135967416851601, 44.734400310063059 ], [ 8.135968542339658, 44.734261181037766 ], [ 8.136057096001316, 44.734144047092919 ], [ 8.136077320404011, 44.734033993955023 ], [ 8.136045803810154, 44.733951945396882 ], [ 8.135977834700808, 44.73389776801676 ], [ 8.135823418107618, 44.733857391452368 ], [ 8.135785637176424, 44.73375628863041 ], [ 8.135799437728226, 44.733673685405407 ], [ 8.135830997440362, 44.733484783762165 ], [ 8.135873393684134, 44.733408059154371 ], [ 8.135891408353967, 44.733394093189766 ], [ 8.135895624913502, 44.733361365262738 ], [ 8.135906440385831, 44.733344056666908 ], [ 8.135932754251115, 44.733275280051629 ], [ 8.135930356197782, 44.733234279361206 ], [ 8.136030373403491, 44.733145321549969 ], [ 8.136045861088697, 44.733125087710675 ], [ 8.136074897155344, 44.733087153585267 ], [ 8.136131731482044, 44.733012902297482 ], [ 8.136150984212907, 44.73297657170081 ], [ 8.136140927431416, 44.732942517946775 ], [ 8.136218725368833, 44.732792612961291 ], [ 8.136276079759856, 44.732727957407192 ], [ 8.13636694602909, 44.732669896269165 ], [ 8.136419111587713, 44.732631108363833 ], [ 8.136516770401412, 44.73254219812646 ], [ 8.13651172299417, 44.732424668464333 ], [ 8.136554185704968, 44.732334250237869 ], [ 8.136619306361624, 44.732286847309304 ], [ 8.136656943359755, 44.732259220690558 ], [ 8.136893533412946, 44.732129549656015 ], [ 8.13707030273274, 44.731879495451338 ], [ 8.137241248415286, 44.731765631013133 ], [ 8.137492823867573, 44.731598058964373 ], [ 8.137579647183632, 44.731497482806468 ], [ 8.137836648348763, 44.731436794360562 ], [ 8.137984902202724, 44.731334023083626 ], [ 8.138030201759422, 44.731153739083048 ], [ 8.138016224033178, 44.730986677303186 ], [ 8.138104917699547, 44.730747869619435 ], [ 8.138172868764885, 44.730686264002628 ], [ 8.138219422875215, 44.730641294817971 ], [ 8.138316867066328, 44.730574427061327 ], [ 8.138481272132077, 44.730639957864653 ], [ 8.138616909850249, 44.730595273090096 ], [ 8.138875368088177, 44.730510125425567 ], [ 8.138955955674291, 44.730483576110728 ], [ 8.139138767333408, 44.730270036316753 ], [ 8.139166952773648, 44.730235885185664 ], [ 8.139218065204567, 44.730168533769465 ], [ 8.139368245727761, 44.730042266161576 ], [ 8.139437528258252, 44.729987949642656 ], [ 8.139531120407874, 44.729926007599154 ], [ 8.139549898253566, 44.72990976793232 ], [ 8.139789758307085, 44.729798191576627 ], [ 8.139815897045979, 44.729800273516226 ], [ 8.139952951020382, 44.729811189707519 ], [ 8.140092181604125, 44.729762975059771 ], [ 8.140111948745783, 44.729676249369362 ], [ 8.140152523052807, 44.729492450494618 ], [ 8.140151001112192, 44.72946200124494 ], [ 8.140147580776096, 44.729393570966828 ], [ 8.140170405870203, 44.729342069984583 ], [ 8.140225725427751, 44.729287088317498 ], [ 8.140358631400426, 44.7292326256851 ], [ 8.140548853932707, 44.729209160053173 ], [ 8.140663396203838, 44.729169674237284 ], [ 8.140748784977363, 44.729055158727157 ], [ 8.140803730497632, 44.728848312655849 ], [ 8.140822453105892, 44.728740914624368 ], [ 8.140939434556438, 44.72861871473858 ], [ 8.141027120840421, 44.728544037086657 ], [ 8.141045430584413, 44.728493847351039 ], [ 8.141095231320103, 44.728332066323077 ], [ 8.141145168337061, 44.728207695611779 ], [ 8.141152354087207, 44.728060039549177 ], [ 8.141163263018431, 44.728001697453649 ], [ 8.141207340288542, 44.727973543362481 ], [ 8.141243195086926, 44.727991356375185 ], [ 8.141271709314776, 44.72799579555921 ], [ 8.141318643862109, 44.728043164978956 ], [ 8.141581948214542, 44.727846142229353 ], [ 8.141559677350516, 44.727712340076785 ], [ 8.141586618598863, 44.727686835363954 ], [ 8.141969161578562, 44.727600206541069 ], [ 8.141972889576255, 44.727570913338113 ], [ 8.141810878902687, 44.727375300749863 ], [ 8.141761142618945, 44.727218673783206 ], [ 8.141850062771267, 44.727186103789322 ], [ 8.141972798689743, 44.727219070659352 ], [ 8.142114628646981, 44.727140901754154 ], [ 8.142078944029889, 44.726981715549122 ], [ 8.142073632458148, 44.726963497389498 ], [ 8.142034820660879, 44.726881871672298 ], [ 8.142039925213792, 44.726841910034651 ], [ 8.142164967733626, 44.726779811359386 ], [ 8.142417153189077, 44.726689974640337 ], [ 8.142441480634361, 44.726683955781034 ], [ 8.14253690361862, 44.726595143102713 ], [ 8.142700249898445, 44.726443111602599 ], [ 8.142809149780966, 44.726418449328747 ], [ 8.142877780315802, 44.726437686684463 ], [ 8.142916190669803, 44.726415925865133 ], [ 8.143001189162103, 44.726367771118561 ], [ 8.14309509890697, 44.726335670093974 ], [ 8.143090838638482, 44.72631016462681 ], [ 8.143078532498228, 44.726249797417069 ], [ 8.143059678784466, 44.726208127288601 ], [ 8.143055612616795, 44.726170035146978 ], [ 8.143213198864673, 44.726075668330985 ], [ 8.143426069919466, 44.726067464593918 ], [ 8.143435741096118, 44.726048252963444 ], [ 8.143500538652701, 44.725919533345959 ], [ 8.143494296280632, 44.725762730187519 ], [ 8.143522778481104, 44.72565572308531 ], [ 8.143568931368263, 44.725598587874003 ], [ 8.143633312113465, 44.725538728188049 ], [ 8.143565205803499, 44.725506290362716 ], [ 8.143384043305296, 44.725481602503024 ], [ 8.143081724067988, 44.725503515511001 ], [ 8.143044791700984, 44.725478489337171 ], [ 8.143017796938302, 44.725463608484148 ], [ 8.143021508471868, 44.725420999468462 ], [ 8.143064508323398, 44.725359589003745 ], [ 8.143129040838643, 44.725267426273028 ], [ 8.143301492996645, 44.725211332595784 ], [ 8.143607922988782, 44.725111658905973 ], [ 8.143713107333673, 44.72503208303214 ], [ 8.14376126370898, 44.724962508575828 ], [ 8.143871032879778, 44.724803917640244 ], [ 8.143937724213673, 44.724760822578311 ], [ 8.143954930081941, 44.724710789817038 ], [ 8.143890878651685, 44.724682106246036 ], [ 8.143762655017946, 44.72469098822976 ], [ 8.143565047304332, 44.724704676124688 ], [ 8.143513603291197, 44.724645995045066 ], [ 8.143498988823485, 44.724629324610277 ], [ 8.143490495135215, 44.724442716359626 ], [ 8.143452197817439, 44.724356331575507 ], [ 8.143465415442968, 44.724311802892728 ], [ 8.143612070138222, 44.724219333331256 ], [ 8.143786153105502, 44.724163179004918 ], [ 8.143734513587276, 44.723967491225601 ], [ 8.143696756123797, 44.723824408616295 ], [ 8.14381891024172, 44.723710344706184 ], [ 8.143938099048555, 44.723659576877644 ], [ 8.143970047086102, 44.723648495929808 ], [ 8.144117371086905, 44.723611913122433 ], [ 8.144443515526889, 44.723418758240307 ], [ 8.144668727746138, 44.723529612770115 ], [ 8.144717843062024, 44.723429171399495 ], [ 8.14478733082146, 44.723287067510647 ], [ 8.144819175006226, 44.723221945249868 ], [ 8.144891521383126, 44.723211509018142 ], [ 8.144922796427469, 44.723206997462249 ], [ 8.145104620039737, 44.723221776209847 ], [ 8.145135455890724, 44.723222826819033 ], [ 8.145194190873983, 44.723221574344059 ], [ 8.145279492193927, 44.723206285993321 ], [ 8.145384268663461, 44.72313390992143 ], [ 8.145382579620414, 44.722906373228767 ], [ 8.145554873417657, 44.722676620441142 ], [ 8.145689191426227, 44.722502210436303 ], [ 8.145803813489291, 44.722311179456845 ], [ 8.145965789838565, 44.722210692146362 ], [ 8.146065805238043, 44.722059181180363 ], [ 8.146184483219715, 44.721960483034294 ], [ 8.146201184357546, 44.721852926124939 ], [ 8.146236348892739, 44.721626461806309 ], [ 8.146432184356236, 44.721440270685711 ], [ 8.146373111022385, 44.721364140602454 ], [ 8.146222226942749, 44.721342436629875 ], [ 8.146277587650292, 44.721285454446132 ], [ 8.146414078514621, 44.721144965259889 ], [ 8.14645240332994, 44.721127205600986 ], [ 8.146589125588017, 44.721063848527677 ], [ 8.146948190474063, 44.72095651978816 ], [ 8.147210823144956, 44.720945404294618 ], [ 8.147239186665876, 44.72084515348368 ], [ 8.147204139097077, 44.720783383206978 ], [ 8.147259381546537, 44.720711345477248 ], [ 8.147285096334715, 44.720677812588832 ], [ 8.147459391466493, 44.720586941790039 ], [ 8.147598386005791, 44.720556783810721 ], [ 8.147687027216802, 44.720521122461605 ], [ 8.147759582657537, 44.720420753824023 ], [ 8.147670602051923, 44.720298578014543 ], [ 8.147624823055327, 44.720072133343074 ], [ 8.14768153707552, 44.719982950567648 ], [ 8.147570317995989, 44.719969696019952 ], [ 8.147461830002248, 44.719993278831751 ], [ 8.147292705018598, 44.720083920554806 ], [ 8.147258284336143, 44.720064546351097 ], [ 8.147321255649251, 44.719902696125416 ], [ 8.147325594036884, 44.719880329701468 ], [ 8.147356809117534, 44.719719400778118 ], [ 8.14750386882487, 44.719545001058513 ], [ 8.147559351281782, 44.719387568204098 ], [ 8.147811613441286, 44.719279307164818 ], [ 8.147866548639593, 44.719254064376535 ], [ 8.14803623520322, 44.719153049579724 ], [ 8.148212191338667, 44.719119257992006 ], [ 8.148309677307527, 44.719058919906516 ], [ 8.148321038453703, 44.719039963895703 ], [ 8.148425741818468, 44.718865266251697 ], [ 8.148506382369625, 44.7188141206924 ], [ 8.148534254263547, 44.718796443154645 ], [ 8.148558276715798, 44.718781207081896 ], [ 8.148893408261575, 44.718699199104925 ], [ 8.148956293396061, 44.718581015421378 ], [ 8.148951867575942, 44.718516922240553 ], [ 8.148935157418595, 44.718274930434518 ], [ 8.148994670643186, 44.718067354424726 ], [ 8.149070906655789, 44.717945885820043 ], [ 8.149080001649848, 44.71780908520045 ], [ 8.149132870618798, 44.717700926108179 ], [ 8.149246175997439, 44.717462164045934 ], [ 8.149262338523959, 44.717251192897429 ], [ 8.149507217404553, 44.717158189843936 ], [ 8.149562135868052, 44.717040146547681 ], [ 8.149526087868892, 44.716984361989446 ], [ 8.14939544144498, 44.716782184649773 ], [ 8.149309210417764, 44.716687417401545 ], [ 8.149130817166697, 44.716505686624103 ], [ 8.149141561211332, 44.71648249163232 ], [ 8.14920690182317, 44.716464063230532 ], [ 8.149464608112547, 44.716432350119049 ], [ 8.149600952533739, 44.716247637457421 ], [ 8.14960783855471, 44.716189102989759 ], [ 8.149440388340183, 44.71602233301271 ], [ 8.149400499130161, 44.715913971151544 ], [ 8.149423031040101, 44.715865231165395 ], [ 8.149597229340587, 44.715853800492297 ], [ 8.149765616206157, 44.715842750901103 ], [ 8.149777446166608, 44.71581349652547 ], [ 8.149507120895402, 44.715642390276969 ], [ 8.149605518860877, 44.715556610471062 ], [ 8.149747478878322, 44.715432854232461 ], [ 8.149984380479568, 44.715474482916107 ], [ 8.150132803185434, 44.715305116058396 ], [ 8.150202649872195, 44.715221538572138 ], [ 8.150307214678149, 44.7150897204532 ], [ 8.150377072673878, 44.714922834446874 ], [ 8.150365185342928, 44.714849748421486 ], [ 8.150433500328152, 44.714735540051414 ], [ 8.150517335510678, 44.714645497819575 ], [ 8.150539730908152, 44.714541911501712 ], [ 8.150568827895746, 44.714407327472983 ], [ 8.150576804627118, 44.714388161060512 ], [ 8.150636501218527, 44.714257715852824 ], [ 8.150651887524376, 44.714229522126772 ], [ 8.150756579088933, 44.714057642748621 ], [ 8.150719040652627, 44.713936382215302 ], [ 8.150720907276101, 44.7138641797914 ], [ 8.15096738638076, 44.713753693848325 ], [ 8.15102999695427, 44.713725287626872 ], [ 8.151071300810424, 44.713698993799589 ], [ 8.151285281776165, 44.713563481655086 ], [ 8.151387144106016, 44.713494110717427 ], [ 8.151385472404428, 44.713458804859329 ], [ 8.151330267407264, 44.713418004768791 ], [ 8.151363066259782, 44.713232772508981 ], [ 8.15139656345767, 44.713160178424047 ], [ 8.151350207091035, 44.71292612030205 ], [ 8.151476398487111, 44.712804397188719 ], [ 8.151577481929344, 44.712705985312148 ], [ 8.151701094354108, 44.712593359936577 ], [ 8.151717162490788, 44.712569800922381 ], [ 8.15176906719913, 44.712500841613007 ], [ 8.151887342084885, 44.712462607003239 ], [ 8.151934729937139, 44.712450740515266 ], [ 8.152074098276868, 44.712415840864622 ], [ 8.152134078474067, 44.712385561318854 ], [ 8.152192332970674, 44.712329731448129 ], [ 8.152275108611365, 44.712250400795597 ], [ 8.152484728014604, 44.712144690910698 ], [ 8.152507514248432, 44.7120888487987 ], [ 8.152489046931418, 44.712023064514128 ], [ 8.152508986915526, 44.711869502534093 ], [ 8.15253572112703, 44.711837561865295 ], [ 8.152609563227099, 44.711799533110089 ], [ 8.152727515218514, 44.711738787512772 ], [ 8.152742507912839, 44.711650491087511 ], [ 8.152746130932377, 44.711629154007888 ], [ 8.152719310434493, 44.711470919617717 ], [ 8.152706107776307, 44.711439403080902 ], [ 8.152696789236007, 44.711406586475164 ], [ 8.152674013905635, 44.711358057488887 ], [ 8.152687546861355, 44.711336889027322 ], [ 8.152699928525241, 44.71131441917597 ], [ 8.152792951028841, 44.711267030737837 ], [ 8.152827441978937, 44.711236444353183 ], [ 8.152856173390267, 44.711208735833445 ], [ 8.152872651254885, 44.711176705490779 ], [ 8.152922516564173, 44.711063394938826 ], [ 8.152684448288657, 44.71089209062194 ], [ 8.152665952620314, 44.710825442098134 ], [ 8.152682807231825, 44.710801283869117 ], [ 8.152717273820709, 44.710739938150205 ], [ 8.152707368232171, 44.710709328427001 ], [ 8.152696438282897, 44.710675553240982 ], [ 8.15267851902834, 44.710584844078511 ], [ 8.152636735704696, 44.710486065435354 ], [ 8.152663601234194, 44.710240040653503 ], [ 8.152619657513062, 44.710183425823175 ], [ 8.152555610029031, 44.710097735801604 ], [ 8.152533784291549, 44.710068534777669 ], [ 8.152518841911553, 44.710024784484737 ], [ 8.152492424899117, 44.70995081051953 ], [ 8.152475012291054, 44.709912731506201 ], [ 8.152454344106829, 44.709870403933287 ], [ 8.152429865822176, 44.709829334572184 ], [ 8.152376721845719, 44.709732755998893 ], [ 8.152316675150683, 44.709632242063023 ], [ 8.152238390438111, 44.70950319281966 ], [ 8.152232516185096, 44.709477242890252 ], [ 8.15221131102863, 44.709398221321983 ], [ 8.152186852004631, 44.709235863732012 ], [ 8.151774210070819, 44.709283434746382 ], [ 8.151737534379908, 44.709287662790807 ], [ 8.151412065410682, 44.709246656813797 ], [ 8.151133156639203, 44.709211510290999 ], [ 8.151049565619482, 44.709201101176966 ], [ 8.150913240491594, 44.709183665058418 ], [ 8.150885087726213, 44.709181602423833 ], [ 8.150685005172274, 44.709155635418441 ], [ 8.150510675763972, 44.709135193230779 ], [ 8.150401457912933, 44.709122246309121 ], [ 8.149602019160902, 44.70903017041131 ], [ 8.149490430701826, 44.709014084608555 ], [ 8.149199128581525, 44.708982064996974 ], [ 8.148841001729323, 44.708935628832307 ], [ 8.148813758220522, 44.708939582625923 ], [ 8.148779180149745, 44.708935616595397 ], [ 8.148614691491632, 44.708917206231028 ], [ 8.148214346295731, 44.708876736629257 ], [ 8.147830461851179, 44.708837357923336 ], [ 8.147817377874011, 44.708813954708489 ], [ 8.147801295254171, 44.708785187815664 ], [ 8.147695123966585, 44.708596012615551 ], [ 8.147622014243604, 44.708465745495658 ], [ 8.147610053237583, 44.7084477424957 ], [ 8.147571419130673, 44.7083895926352 ], [ 8.147561568423795, 44.708362207966886 ], [ 8.147530067849656, 44.708310208741388 ], [ 8.147372087816455, 44.708049423421095 ], [ 8.147337267412233, 44.707988448304029 ], [ 8.147251592716774, 44.70783966812396 ], [ 8.147215869552401, 44.707777632075604 ], [ 8.147170898701223, 44.707705419757694 ], [ 8.147154444119458, 44.707678997627454 ], [ 8.147068591114772, 44.707529018452092 ], [ 8.147046548847658, 44.707512203333835 ], [ 8.146989556160687, 44.707413300000695 ], [ 8.146823270459279, 44.707123236175605 ], [ 8.146737503371567, 44.706973625406484 ], [ 8.14661090420574, 44.706758772857683 ], [ 8.146586886294692, 44.706718044470307 ], [ 8.146570532342126, 44.706690312209957 ], [ 8.146491188558928, 44.706555740907874 ], [ 8.146423900001487, 44.706448028815828 ], [ 8.146402670154613, 44.706406160098247 ], [ 8.146357896437308, 44.706302907455424 ], [ 8.146345077470153, 44.706257225420543 ], [ 8.146236984380298, 44.70612646079136 ], [ 8.146137254442115, 44.705992065116291 ], [ 8.146081158092739, 44.705934199636459 ], [ 8.14604612477908, 44.705898061392681 ], [ 8.146031045453354, 44.705867259189304 ], [ 8.145969168895853, 44.705783865153037 ], [ 8.145916177656062, 44.705700083867235 ], [ 8.145892723434347, 44.705667180374093 ], [ 8.145752705223398, 44.705489606375068 ], [ 8.145740298510091, 44.705466175585514 ], [ 8.145686845256146, 44.705413807635772 ], [ 8.145649339030101, 44.7053770628577 ], [ 8.145634219863899, 44.705355233583852 ], [ 8.145539221703974, 44.705218073429592 ], [ 8.145525834871993, 44.705185221914128 ], [ 8.145375916142562, 44.7050018150588 ], [ 8.145353827323913, 44.70496128513075 ], [ 8.145257970501083, 44.704824376388501 ], [ 8.145240198625666, 44.704780461612948 ], [ 8.145217043168726, 44.704749822484878 ], [ 8.145128370850715, 44.704632491594417 ], [ 8.145109572028227, 44.704619261924151 ], [ 8.144968985574058, 44.704520323926829 ], [ 8.144929407814031, 44.704418727740233 ], [ 8.144835031351143, 44.704306940105567 ], [ 8.1448136714809, 44.704281639560122 ], [ 8.144630202003581, 44.704052115265263 ], [ 8.144453703756222, 44.703807711165972 ], [ 8.14439133566662, 44.703748067191384 ], [ 8.144328440749442, 44.703687919242213 ], [ 8.144296782806892, 44.703577771775855 ], [ 8.144256408551094, 44.703531913898097 ], [ 8.144155627035026, 44.703422002177419 ], [ 8.144134442873193, 44.703403130491168 ], [ 8.144025802722163, 44.703324143801886 ], [ 8.143931316795374, 44.703120687696156 ], [ 8.143892646870817, 44.703037419499609 ], [ 8.143851991183183, 44.702977926815016 ], [ 8.14383003859977, 44.702945802886383 ], [ 8.143742917222008, 44.702819764747979 ], [ 8.143692894860825, 44.702782725297766 ], [ 8.143604770656749, 44.702730795541179 ], [ 8.143499989956034, 44.702688048175411 ], [ 8.143263653975177, 44.702600032100491 ], [ 8.143079342377332, 44.702588277267573 ], [ 8.143048232108141, 44.702578534039944 ], [ 8.142976686041921, 44.702556435818344 ], [ 8.14290798646541, 44.702535216725735 ], [ 8.142802141055055, 44.702511836493919 ], [ 8.142766609276526, 44.702495530772339 ], [ 8.142424705749251, 44.702366424914736 ], [ 8.142329597838799, 44.702347355775977 ], [ 8.141986813709632, 44.702278626788797 ], [ 8.141841939150654, 44.70224651270258 ], [ 8.141474951994601, 44.70216516233225 ], [ 8.141311840910396, 44.701957774927578 ], [ 8.141293746751209, 44.701927812254105 ], [ 8.141061101142657, 44.70186580563265 ], [ 8.141100866837419, 44.701754242353964 ], [ 8.141331449134251, 44.701719311694475 ], [ 8.141535649404229, 44.701697991054459 ], [ 8.141488020532831, 44.701574639598853 ], [ 8.141428422145358, 44.701433521644766 ], [ 8.141409671692648, 44.701371777923384 ], [ 8.14152380855449, 44.701212827799161 ], [ 8.141564063475872, 44.701125480371417 ], [ 8.141605360704085, 44.701063245857149 ], [ 8.141686490353923, 44.700940983838443 ], [ 8.141695742688292, 44.700923864655749 ], [ 8.141700691765466, 44.700869294410374 ], [ 8.141733123672854, 44.700819444408616 ], [ 8.141810224502864, 44.700665380362473 ], [ 8.141819520475552, 44.700648065576488 ], [ 8.141852525941795, 44.700625443654459 ], [ 8.141925918033015, 44.700574216633477 ], [ 8.141965056557895, 44.700470805161785 ], [ 8.141976676320427, 44.700440103450461 ], [ 8.142021566124241, 44.700365699490746 ], [ 8.142062092454319, 44.700347690149393 ], [ 8.142147025544789, 44.700309946973597 ], [ 8.142268681576653, 44.700304079889754 ], [ 8.142283078764535, 44.70024224584153 ], [ 8.142209162405898, 44.700172102824077 ], [ 8.142079343204623, 44.700137503265879 ], [ 8.142078324700426, 44.700024620985594 ], [ 8.142107513650819, 44.700002420322171 ], [ 8.142170294820595, 44.699966042496783 ], [ 8.142278716969908, 44.69990359559737 ], [ 8.142300326732975, 44.699882348310396 ], [ 8.142392782436996, 44.699852773591452 ], [ 8.14250700589375, 44.699805501862592 ], [ 8.142529592022701, 44.699792898689154 ], [ 8.142570609541895, 44.699730720516726 ], [ 8.142549025355217, 44.699629834021515 ], [ 8.142502013072692, 44.699414261583769 ], [ 8.14217473198234, 44.699204645258803 ], [ 8.141829297623184, 44.698979686351095 ], [ 8.141802539877306, 44.698962260657439 ], [ 8.141423463642019, 44.698715389554046 ], [ 8.141314214503256, 44.698688484482858 ], [ 8.141234719022664, 44.698654517227084 ], [ 8.141025261113395, 44.698565018473126 ], [ 8.140998160480562, 44.698553290155346 ], [ 8.140707324637011, 44.698436517462817 ], [ 8.14051863365944, 44.698360230508484 ], [ 8.140136002272655, 44.698276636163051 ], [ 8.139980214171288, 44.69824301196644 ], [ 8.139797891664898, 44.698204838658732 ], [ 8.1395673696091, 44.698156698727097 ], [ 8.139515784613765, 44.698145926155647 ], [ 8.139328551480977, 44.698118488430843 ], [ 8.139143318439075, 44.698088479841928 ], [ 8.138846736908141, 44.69804272095989 ], [ 8.138779171557477, 44.698312734705326 ], [ 8.138712851060221, 44.698441314005954 ], [ 8.138701411374294, 44.698460945874267 ], [ 8.13859854753469, 44.698621601140587 ], [ 8.138493863429932, 44.69878296712028 ], [ 8.138477731777467, 44.69880575068683 ], [ 8.138340384521918, 44.699027852709129 ], [ 8.138286832497656, 44.699116663992335 ], [ 8.138248082605537, 44.699178394746149 ], [ 8.13821869968926, 44.699229655776342 ], [ 8.13820195441893, 44.699257426140015 ], [ 8.138143169351988, 44.699316952991566 ], [ 8.13810665074876, 44.699341650201298 ], [ 8.138072131393677, 44.699360551044421 ], [ 8.138027184353975, 44.699381885991357 ], [ 8.137751725073777, 44.699538780460522 ], [ 8.137686495988863, 44.699580460396767 ], [ 8.137617338910079, 44.699621302427218 ], [ 8.137558103274182, 44.69966083235559 ], [ 8.13744578210153, 44.699738341274127 ], [ 8.137324641736948, 44.699827859460662 ], [ 8.137264290132791, 44.699872456880328 ], [ 8.137149670278495, 44.699979990952585 ], [ 8.137057000797016, 44.700066931240812 ], [ 8.136991148064201, 44.700133810637347 ], [ 8.136821918256597, 44.700372284882349 ], [ 8.136786316079938, 44.700422454258224 ], [ 8.136765089999725, 44.700438231065455 ], [ 8.136645068630132, 44.700549952537301 ], [ 8.136495150108034, 44.700676162902049 ], [ 8.136282170588418, 44.700874942789852 ], [ 8.136249424654622, 44.700904611681487 ], [ 8.136205797174151, 44.700957553092678 ], [ 8.136070537253332, 44.701116842163692 ], [ 8.136009436289998, 44.701191613024449 ], [ 8.135973893110673, 44.701221384984827 ], [ 8.135812313783047, 44.701389476798802 ], [ 8.135793145007158, 44.701406405834419 ], [ 8.135710796162694, 44.701528987814612 ], [ 8.135543194142635, 44.701707592653506 ], [ 8.135479097648671, 44.70177589662498 ], [ 8.135426526732557, 44.701829233866455 ], [ 8.135242442053581, 44.702031954579716 ], [ 8.135218913413668, 44.702048302243185 ], [ 8.135113659069271, 44.702170274340311 ], [ 8.135020010400414, 44.702283282805439 ], [ 8.134984840704728, 44.702309201668463 ], [ 8.134829061456262, 44.702439849636981 ], [ 8.134441892674532, 44.702306045251618 ], [ 8.13423882389737, 44.702235864514002 ], [ 8.134198560137557, 44.702214367125229 ], [ 8.134143979471123, 44.702198814855556 ], [ 8.134077649539048, 44.702179914692159 ], [ 8.133734368476588, 44.702057829040669 ], [ 8.133603999006404, 44.702015985911224 ], [ 8.133580532990232, 44.702008454282563 ], [ 8.133411684675531, 44.701949599557594 ], [ 8.133152061458969, 44.701862962204892 ], [ 8.133045630144748, 44.701820888634963 ], [ 8.1329938448114, 44.701801554110865 ], [ 8.132819173336832, 44.701736338663494 ], [ 8.132729789895206, 44.701702894881358 ], [ 8.132553361756832, 44.701643227356854 ], [ 8.132505012695338, 44.701621225841919 ], [ 8.132278849919944, 44.701546940244157 ], [ 8.132103685354137, 44.701484955250606 ], [ 8.131864987430236, 44.701399622968673 ], [ 8.13181012660303, 44.701378907396737 ], [ 8.131701565615385, 44.701337914402373 ], [ 8.131447556014146, 44.701247965933675 ], [ 8.131327993060275, 44.701210727645524 ], [ 8.131112652762038, 44.701133728024047 ], [ 8.130972512425666, 44.70108361746265 ], [ 8.130905680359295, 44.701060714862258 ], [ 8.130594307643504, 44.700954010169411 ], [ 8.130543023518198, 44.700940165292657 ], [ 8.130478723606183, 44.700918000123202 ], [ 8.130321463963517, 44.700863790080447 ], [ 8.130175836534082, 44.700813553467867 ], [ 8.129836321256001, 44.700696166259711 ], [ 8.129805372556692, 44.700685465691507 ], [ 8.129780053129076, 44.700676737104175 ], [ 8.129746018501807, 44.70066500499081 ], [ 8.129643027907207, 44.700629502900568 ], [ 8.129612683385702, 44.700619054860191 ], [ 8.129384122958959, 44.70073659930911 ], [ 8.129254757567683, 44.700789650807231 ], [ 8.129208161597886, 44.700808196062482 ], [ 8.129172107697695, 44.700823261975991 ], [ 8.129113923735304, 44.700841510372435 ], [ 8.129083585650648, 44.70085102537314 ], [ 8.128714013140954, 44.700805380521807 ], [ 8.12867493135753, 44.700812820698516 ], [ 8.128629071514867, 44.700868584149319 ], [ 8.128688436721731, 44.700975795438417 ], [ 8.128842553851033, 44.701121680040472 ], [ 8.128883016827556, 44.701159981437222 ], [ 8.128894313596373, 44.701218357630218 ], [ 8.128756230296126, 44.701299536717848 ], [ 8.128539190780062, 44.70134110901931 ], [ 8.128474010640163, 44.701349444716122 ], [ 8.128145306146804, 44.701362401359368 ], [ 8.127879042435541, 44.701401347254247 ], [ 8.127829383311534, 44.701442193909465 ], [ 8.12782574145108, 44.701492665945374 ], [ 8.127854494550512, 44.701555432722309 ], [ 8.128032864046933, 44.70173775886763 ], [ 8.128102580397986, 44.701809021304186 ], [ 8.128266930145399, 44.701966932771789 ], [ 8.128312793488993, 44.702019026196801 ], [ 8.128360144094268, 44.702108196742699 ], [ 8.128333322735314, 44.702185444232583 ], [ 8.128155769935281, 44.702400827402357 ], [ 8.128155297318621, 44.702557790225313 ], [ 8.128118219396631, 44.702664075076463 ], [ 8.12803584740648, 44.702721045217721 ], [ 8.128007260134332, 44.702733207341169 ], [ 8.127950366135249, 44.70276144026473 ], [ 8.127700598853316, 44.702754056928619 ], [ 8.127412051219563, 44.70268027196353 ], [ 8.12737672252034, 44.702722748482742 ], [ 8.12736194208342, 44.702907895428751 ], [ 8.12735264200324, 44.703044352176526 ], [ 8.127320085029867, 44.703259782727514 ], [ 8.127293443264767, 44.703482226194758 ], [ 8.127259642653792, 44.703574351934591 ], [ 8.127242235556107, 44.703591533181893 ], [ 8.127177803014225, 44.703690162517979 ], [ 8.127077334697377, 44.703843952427953 ], [ 8.127030647227182, 44.703903050057313 ], [ 8.126949887221949, 44.703984477089286 ], [ 8.126862750656253, 44.704085250336675 ], [ 8.126760322892272, 44.704191151939682 ], [ 8.126655987919829, 44.704344632447089 ], [ 8.126612034743591, 44.704418259627523 ], [ 8.126590507382273, 44.704482929394189 ], [ 8.126586382904861, 44.704508218799589 ], [ 8.126591071581512, 44.704575672643173 ], [ 8.126609299390777, 44.704708682602643 ], [ 8.126618267721472, 44.704755148442288 ], [ 8.126633741830586, 44.704867111562557 ], [ 8.126598251537747, 44.704867748522027 ], [ 8.126311990330194, 44.704857404525221 ], [ 8.126056908005529, 44.704846235517422 ], [ 8.125892443658849, 44.704836453586815 ], [ 8.125837069345133, 44.704832500401771 ], [ 8.125785611602801, 44.704829251277815 ], [ 8.125536455473625, 44.704813432237586 ], [ 8.125508692324377, 44.704811669507976 ], [ 8.125397554035239, 44.704805178988501 ], [ 8.125126882375032, 44.704789435400734 ], [ 8.125039703973657, 44.704784395788799 ], [ 8.124770082868709, 44.704768901924304 ], [ 8.124716515446623, 44.704765823578235 ], [ 8.12432680751445, 44.704747786628268 ], [ 8.124008674469652, 44.70472757962655 ], [ 8.123943109348737, 44.704723414985061 ], [ 8.123911556381131, 44.704717191255952 ], [ 8.123895628476655, 44.704774438373605 ], [ 8.123839057105236, 44.705000670085418 ], [ 8.123824564532852, 44.705108906589381 ], [ 8.123812040163294, 44.705202443396395 ], [ 8.123807292977848, 44.705262302012017 ], [ 8.123785196443009, 44.705483854952838 ], [ 8.123775303841892, 44.705557829713406 ], [ 8.123743092861224, 44.705814191061393 ], [ 8.123730871085035, 44.705881453708969 ], [ 8.123682132033286, 44.706172715740749 ], [ 8.123673138915368, 44.706226457806402 ], [ 8.123628970609184, 44.706507510475234 ], [ 8.123621781397338, 44.706548607819556 ], [ 8.123569684112425, 44.706846421667095 ], [ 8.123517932697302, 44.707175956250239 ], [ 8.12346111616832, 44.707602699054739 ], [ 8.123415273341974, 44.707976798951286 ], [ 8.12341355296733, 44.708018737560003 ], [ 8.123407934835134, 44.708155693648237 ], [ 8.123372381899813, 44.708292179400793 ], [ 8.123316815438651, 44.708413499031948 ], [ 8.123162012756254, 44.708655943947171 ], [ 8.12310715592276, 44.708741857677232 ], [ 8.122778398738511, 44.70872494436729 ], [ 8.122745980331134, 44.708723278804058 ], [ 8.122371159603571, 44.708723160397852 ], [ 8.12211856565855, 44.708711602460539 ], [ 8.121878056538637, 44.708700596965166 ], [ 8.121831434312003, 44.708698463512157 ], [ 8.121543917317283, 44.70868530618791 ], [ 8.121389188939622, 44.70867664176437 ], [ 8.121355311067845, 44.70867478704379 ], [ 8.120864726604982, 44.708647927750874 ], [ 8.120647153260363, 44.708659855581878 ], [ 8.120247210614497, 44.708681878583555 ], [ 8.120339577095914, 44.708743749876142 ], [ 8.120365915745207, 44.708752518042672 ], [ 8.120380737269159, 44.708772462278397 ], [ 8.120398581361959, 44.70879647374236 ], [ 8.120381527173118, 44.7088053635077 ], [ 8.120310417778125, 44.708809622059768 ], [ 8.120215420826876, 44.708815311103741 ], [ 8.120206707601856, 44.708988458326239 ], [ 8.120246775069981, 44.708994734372197 ], [ 8.120253486592292, 44.709024023308388 ], [ 8.120308827484251, 44.709027097587466 ], [ 8.120266693708206, 44.709192895552171 ], [ 8.120261874513785, 44.709210951497447 ], [ 8.120203697655356, 44.709428920224937 ], [ 8.120171106045156, 44.709456161796787 ], [ 8.120183776779486, 44.709491729472525 ], [ 8.120145980861787, 44.7095121698244 ], [ 8.120169813895737, 44.709566051701337 ], [ 8.120209137384499, 44.709572817717635 ], [ 8.120233751341576, 44.709641879353946 ], [ 8.120275309146287, 44.70966172428993 ], [ 8.120291780962937, 44.709743364798619 ], [ 8.120326535268884, 44.709787339588772 ], [ 8.120365369519135, 44.709836476661387 ], [ 8.120309105943258, 44.709883664167847 ], [ 8.120278849395072, 44.709949163406804 ], [ 8.120291313110924, 44.710031841459646 ], [ 8.120260173033142, 44.71005648017659 ], [ 8.120233521992441, 44.71004604325725 ], [ 8.120193526554715, 44.710046096975738 ], [ 8.120165342964885, 44.710117318480279 ], [ 8.120245996339138, 44.710172701959209 ], [ 8.120234143554201, 44.710191570758141 ], [ 8.120243010485153, 44.710212501546238 ], [ 8.120202315005823, 44.710238728108628 ], [ 8.12015644104131, 44.710243488199829 ], [ 8.120103997150787, 44.710269451974014 ], [ 8.120068447203304, 44.710287051915152 ], [ 8.12006633583864, 44.71033069559833 ], [ 8.120058916128221, 44.710348826208957 ], [ 8.120095167022892, 44.710374962802092 ], [ 8.120089651878502, 44.7104336013671 ], [ 8.12008645073743, 44.71046763673931 ], [ 8.120070579299746, 44.710510755729459 ], [ 8.120047500218142, 44.710549329076066 ], [ 8.119954017612843, 44.71052479849434 ], [ 8.119342477540897, 44.710364622188067 ], [ 8.119180014199397, 44.710321904221978 ], [ 8.118501449606919, 44.710143479883222 ], [ 8.118324115343183, 44.710100907392309 ], [ 8.118299416827943, 44.710094981845891 ], [ 8.118261733203251, 44.710151822271072 ], [ 8.118138370160837, 44.710338420479445 ], [ 8.11802447431222, 44.710509582881549 ], [ 8.117891946751795, 44.710688436363021 ], [ 8.117858299379387, 44.710741547590651 ], [ 8.11770257313832, 44.710987354721468 ], [ 8.117658926339812, 44.711040076545771 ], [ 8.117525259751639, 44.711229898088931 ], [ 8.117389098788891, 44.71142880559281 ], [ 8.117359971143493, 44.711471355819405 ], [ 8.117129987803533, 44.711656461393503 ], [ 8.117065486452519, 44.711724995101974 ], [ 8.117053701822726, 44.711747699088463 ], [ 8.117008581161704, 44.71183462729806 ], [ 8.117012670122318, 44.711855358695523 ], [ 8.11703816430308, 44.711984616155661 ], [ 8.117035119688348, 44.712194474850392 ], [ 8.116666671262006, 44.712177804407382 ], [ 8.116509348295354, 44.712169753221126 ], [ 8.116029181235199, 44.712144600284397 ], [ 8.115994772056158, 44.712142635111341 ], [ 8.11559018404202, 44.712124084341262 ], [ 8.114873748194139, 44.712013998765954 ], [ 8.11464965153438, 44.711979563678703 ], [ 8.114526730495346, 44.711948619076473 ], [ 8.114486577808266, 44.711941269154153 ], [ 8.113773450006205, 44.711573855762076 ], [ 8.113745928713961, 44.711551457239473 ], [ 8.113681810980776, 44.711526416507752 ], [ 8.113426127247889, 44.711394750226482 ], [ 8.113362859431406, 44.711362169803692 ], [ 8.113170083499963, 44.711262897384664 ], [ 8.113026939683511, 44.711189340121585 ], [ 8.112960489777521, 44.711155193407649 ], [ 8.11266847902502, 44.71100570835722 ], [ 8.112646549928288, 44.710994481091674 ], [ 8.112472073411753, 44.710905152248472 ], [ 8.112303559777654, 44.710814937907642 ], [ 8.112240303300824, 44.710784761071324 ], [ 8.112200697539125, 44.710765866899855 ], [ 8.111806365715893, 44.710560320817393 ], [ 8.111663351326698, 44.710488613366813 ], [ 8.111094642589402, 44.710192418824043 ], [ 8.110756450972239, 44.710019935495076 ], [ 8.110696053984542, 44.709988782237915 ], [ 8.110477901897184, 44.709876482419169 ], [ 8.110361171381454, 44.709813220161898 ], [ 8.110242272269371, 44.709755983314501 ], [ 8.109847840002034, 44.709555497000416 ], [ 8.109774175504723, 44.709518053706795 ], [ 8.109493259291646, 44.709373242754424 ], [ 8.109313008417386, 44.709280323556676 ], [ 8.109263200476409, 44.709254283115378 ], [ 8.109233445916262, 44.709238726902264 ], [ 8.108883750286822, 44.709051701467246 ], [ 8.108790682008514, 44.709004063679167 ], [ 8.108565348809456, 44.708888724333299 ], [ 8.108516512003757, 44.708863718129322 ], [ 8.108207962470599, 44.708802587319333 ], [ 8.108163885941833, 44.708791348791948 ], [ 8.107834021041471, 44.708727760647172 ], [ 8.10768012620828, 44.708696905518245 ], [ 8.107610648123961, 44.70868297261709 ], [ 8.10735229459172, 44.708631162840852 ], [ 8.107176155477033, 44.708591576410839 ], [ 8.107123530398001, 44.708579749111081 ], [ 8.10696806878285, 44.708546035298433 ], [ 8.106682021566916, 44.708484001696981 ], [ 8.106472761660003, 44.708453077550445 ], [ 8.106118209516181, 44.708380959552073 ], [ 8.105745889572228, 44.708305226103661 ], [ 8.105266361161446, 44.708208025088631 ], [ 8.105229929323457, 44.70820101044059 ], [ 8.105057181838399, 44.708167749165163 ], [ 8.105030685087447, 44.708162647381506 ], [ 8.10495031455776, 44.708147178677955 ], [ 8.104917751271197, 44.708140912727984 ], [ 8.104578549067405, 44.708075641534116 ], [ 8.104530416648778, 44.708070926338209 ], [ 8.104497354353045, 44.707979346405942 ], [ 8.104447136044286, 44.707847164314991 ], [ 8.104437983870962, 44.707822656784792 ], [ 8.104429465466017, 44.707799846329578 ], [ 8.104365636129886, 44.707625597445208 ], [ 8.104339465209566, 44.707554656628879 ], [ 8.104293898272401, 44.707431139126001 ], [ 8.104225367442291, 44.707246123768286 ], [ 8.104163743630128, 44.707085399259505 ], [ 8.104138587259827, 44.707019592080691 ], [ 8.103954168114456, 44.706832467522354 ], [ 8.103897939252576, 44.706775391102127 ], [ 8.103768646507906, 44.706645028699278 ], [ 8.103686105561128, 44.70655972986512 ], [ 8.103508596449139, 44.706378190237146 ], [ 8.103327258779911, 44.706192733672147 ], [ 8.103309574609158, 44.706172104715144 ], [ 8.103178272788488, 44.706040447409805 ], [ 8.102925074368603, 44.705781739951838 ], [ 8.102908147283364, 44.705750368702155 ], [ 8.102875822041634, 44.705690412099898 ], [ 8.102869513668557, 44.705670918005545 ], [ 8.102796564159096, 44.705543458224739 ], [ 8.102688194275624, 44.705342536340559 ], [ 8.102666558057395, 44.70530242179251 ], [ 8.102654520646883, 44.705280106471314 ], [ 8.102626833654067, 44.705228779404813 ], [ 8.102548699445164, 44.705082869529086 ], [ 8.102512102906356, 44.705014531150745 ], [ 8.102374058027179, 44.704756593710286 ], [ 8.102324711273516, 44.704664388502657 ], [ 8.10227557296189, 44.704569839293377 ], [ 8.102249778266305, 44.704520149939128 ], [ 8.102236015184825, 44.704493637527818 ], [ 8.102181941823089, 44.704383362122606 ], [ 8.102098931770396, 44.704229545272575 ], [ 8.102080900792185, 44.704191339436342 ], [ 8.10200460761253, 44.704065565584173 ], [ 8.101939815081108, 44.703958750772543 ], [ 8.101888185501654, 44.703862066260875 ], [ 8.101877536543773, 44.703841729083898 ], [ 8.101866361022831, 44.703820386109328 ], [ 8.10182470809316, 44.703733672514417 ], [ 8.10180351864795, 44.70370079450835 ], [ 8.101686110442092, 44.703479292654428 ], [ 8.101583810199113, 44.703280634580011 ], [ 8.10153622314216, 44.703189540642725 ], [ 8.101520019311685, 44.70315852225049 ], [ 8.101465315896528, 44.703050128569508 ], [ 8.101146447556742, 44.702863324517907 ], [ 8.10106721027919, 44.702834042523925 ], [ 8.10103237095659, 44.702821167688008 ], [ 8.100991625942877, 44.702760167718473 ], [ 8.100863509711456, 44.702568362070316 ], [ 8.100817568342443, 44.702506458741169 ], [ 8.10079642064386, 44.702478089780158 ], [ 8.100703942356272, 44.702384699327887 ], [ 8.100656074846714, 44.702340912610289 ], [ 8.100564343654435, 44.702257001429096 ], [ 8.100535291793529, 44.702231715093745 ], [ 8.100504987211798, 44.702205338376423 ], [ 8.100484512774853, 44.702178626918609 ], [ 8.100456999750854, 44.702142732701553 ], [ 8.100444887916078, 44.702126931266278 ], [ 8.100423844890543, 44.702091633596652 ], [ 8.100419757293848, 44.702073346539848 ], [ 8.100390254393563, 44.701941356369701 ], [ 8.100373659967296, 44.701871809354195 ], [ 8.100367353285828, 44.701852258295034 ], [ 8.100335175706485, 44.70177946755819 ], [ 8.100314107367401, 44.701737510160655 ], [ 8.10029827845055, 44.701713296296404 ], [ 8.100261023901, 44.701664765441457 ], [ 8.100245583124373, 44.701644580055245 ], [ 8.100089150756354, 44.701532301663903 ], [ 8.100043460422514, 44.701498750843534 ], [ 8.09996975040128, 44.701418407996421 ], [ 8.099894081522091, 44.701329600203266 ], [ 8.099810395070611, 44.701243970543111 ], [ 8.099763172613015, 44.701192058858332 ], [ 8.099737370840639, 44.701163668917438 ], [ 8.099715994687006, 44.701127527434728 ], [ 8.099678115240607, 44.70106241097411 ], [ 8.099667786141364, 44.701026346905493 ], [ 8.099650499205968, 44.700965989439567 ], [ 8.099645443841853, 44.700948323546413 ], [ 8.099622611669865, 44.70091658440677 ], [ 8.09955461455136, 44.700822060972527 ], [ 8.099540910214872, 44.700794803831059 ], [ 8.099510736734354, 44.700757493717369 ], [ 8.099435221846816, 44.700664117801388 ], [ 8.09934255537906, 44.700542649982012 ], [ 8.099294114292542, 44.70048208104302 ], [ 8.099233688239478, 44.700406526341645 ], [ 8.09921952451807, 44.700389449303444 ], [ 8.099167013744248, 44.700337310097119 ], [ 8.09911859380678, 44.700289232676518 ], [ 8.099017040495953, 44.700207238061409 ], [ 8.098960583604459, 44.700161549756487 ], [ 8.098881806311915, 44.700094103632516 ], [ 8.098842873180917, 44.700060757647798 ], [ 8.098624952106954, 44.699873067354702 ], [ 8.098381887800464, 44.699661824910187 ], [ 8.098339006292431, 44.699626786494477 ], [ 8.098327559246874, 44.699617286931847 ], [ 8.09823114502235, 44.699534719744499 ], [ 8.098112659939265, 44.699451261818965 ], [ 8.098017010915143, 44.699385539568866 ], [ 8.09798116304168, 44.699360907759583 ], [ 8.09792525880621, 44.699322494748607 ], [ 8.097896758933555, 44.699308577444704 ], [ 8.097823846602747, 44.699273742916326 ], [ 8.09779538411675, 44.699258886073821 ], [ 8.097695122040374, 44.699197322432234 ], [ 8.097465060105286, 44.699046362236658 ], [ 8.097436634523488, 44.699024540110507 ], [ 8.097401965656747, 44.698999673051368 ], [ 8.097381689840873, 44.698985129731412 ], [ 8.097322166807263, 44.698942435331496 ], [ 8.097257889291418, 44.698881952066365 ], [ 8.097214827371445, 44.698834840260439 ], [ 8.09715904321058, 44.698707857086788 ], [ 8.097083346285908, 44.698535544968053 ], [ 8.097110619723717, 44.698450254567845 ], [ 8.097103863144479, 44.698380394413746 ], [ 8.097091360900279, 44.698251126119196 ], [ 8.097085821697439, 44.698172039045133 ], [ 8.097088211562204, 44.698026777634212 ], [ 8.097191413315826, 44.697807701599125 ], [ 8.097284957737827, 44.697609124544734 ], [ 8.097334662374992, 44.697529487759958 ], [ 8.097371928662644, 44.697480410650563 ], [ 8.097434259399479, 44.697398325188587 ], [ 8.097570201184306, 44.697249528489039 ], [ 8.097624571850226, 44.697158402356031 ], [ 8.09761802928039, 44.697108640622169 ], [ 8.097607264065086, 44.69702621598919 ], [ 8.097634823158421, 44.696979099320714 ], [ 8.097702980524543, 44.696865020536933 ], [ 8.0977971878694, 44.696707339631409 ], [ 8.09789894593959, 44.696544195122883 ], [ 8.097952801282416, 44.696457935336362 ], [ 8.098066305665975, 44.696277188576325 ], [ 8.098105037971925, 44.696215245636658 ], [ 8.098332668351658, 44.69610647921877 ], [ 8.098598379855808, 44.695973311893383 ], [ 8.098740267486352, 44.695903560430665 ], [ 8.098893810862908, 44.695830697341378 ], [ 8.099138584544741, 44.695713242803137 ], [ 8.099301035237035, 44.695635569503779 ], [ 8.099605939114451, 44.69548732885098 ], [ 8.099685043581861, 44.69544872449147 ], [ 8.099803266238739, 44.695388992901421 ], [ 8.099883802713043, 44.695319431030995 ], [ 8.099896902678518, 44.695284771176979 ], [ 8.099906074217406, 44.69526050511746 ], [ 8.099930037881458, 44.695204851063792 ], [ 8.099957072622775, 44.69514206449535 ], [ 8.099985271392981, 44.695076769780634 ], [ 8.100092964183059, 44.694825526304392 ], [ 8.100192841523105, 44.694592513915026 ], [ 8.100237615323092, 44.69448690484883 ], [ 8.100330562795738, 44.694264854622432 ], [ 8.100346728464995, 44.694229121495667 ], [ 8.100429315788508, 44.694027643590964 ], [ 8.100451224333163, 44.693974195819749 ], [ 8.100464655589805, 44.693940635664902 ], [ 8.100485351133639, 44.693888924439221 ], [ 8.100526274741375, 44.693786669774269 ], [ 8.100547352997847, 44.693738566959723 ], [ 8.10065594124533, 44.693468269548227 ], [ 8.100661601750655, 44.693416139945789 ], [ 8.10069279696884, 44.693128850295189 ], [ 8.100711322624116, 44.693077283558544 ], [ 8.100776738769842, 44.692929866740926 ], [ 8.10080219848386, 44.692860969736188 ], [ 8.100825972863023, 44.692796633290627 ], [ 8.100884068821498, 44.692690531501484 ], [ 8.100959629264063, 44.692533383727593 ], [ 8.101027266952666, 44.69242203307649 ], [ 8.100976469341029, 44.692353644816698 ], [ 8.100769091816867, 44.692074452871381 ], [ 8.100737495151613, 44.692031914077688 ], [ 8.100460319126247, 44.691658747190168 ], [ 8.100443860157327, 44.691567890583293 ], [ 8.100445891460957, 44.691509184515191 ], [ 8.100467595779744, 44.69144923979642 ], [ 8.100491110048585, 44.691435860878563 ], [ 8.101099249275645, 44.691089843933391 ], [ 8.101197509834126, 44.69103393414801 ], [ 8.101402202807547, 44.690822353798744 ], [ 8.101437128828682, 44.690786252416451 ], [ 8.101501718869608, 44.690722586213376 ], [ 8.101792975315623, 44.690457261627756 ], [ 8.101851847498089, 44.690392631053165 ], [ 8.101935975469772, 44.690320516424471 ], [ 8.102045324809186, 44.690216143672529 ], [ 8.102179000085997, 44.690088700573284 ], [ 8.102215422401031, 44.690053999247148 ], [ 8.102395132000996, 44.689982512957023 ], [ 8.102516823672028, 44.689934105230108 ], [ 8.10268445769915, 44.689861226351283 ], [ 8.102746767608357, 44.689834137013463 ], [ 8.102848151946986, 44.689780016848609 ], [ 8.102752693751109, 44.689753199126201 ], [ 8.102653624448916, 44.689725366800829 ], [ 8.102516485435732, 44.689686839064059 ], [ 8.10227377103354, 44.689631437820488 ], [ 8.102228298443091, 44.689621825626702 ], [ 8.101911588845654, 44.689642052175003 ], [ 8.101875966625169, 44.689652004717757 ], [ 8.101702264909884, 44.689681923123253 ], [ 8.101644542595714, 44.689687272324548 ], [ 8.101609210767792, 44.689685064677583 ], [ 8.101600711188413, 44.689492864640563 ], [ 8.101579934448672, 44.689351613698967 ], [ 8.101576914960477, 44.689331085613667 ], [ 8.101573954231391, 44.68927189931771 ], [ 8.101573223862154, 44.688969484192171 ], [ 8.10155594152101, 44.68865864366191 ], [ 8.101538579586897, 44.688346368680982 ], [ 8.101584656111008, 44.688335487032099 ], [ 8.101838242467695, 44.688265886452164 ], [ 8.101959476727101, 44.688215606645819 ], [ 8.102011867787509, 44.688135517857738 ], [ 8.102024263123621, 44.688118214189195 ], [ 8.10212013700759, 44.687809195385945 ], [ 8.102135358030093, 44.687761370685777 ], [ 8.102252552251819, 44.687390593982961 ], [ 8.102261272702281, 44.687363004198716 ], [ 8.1023662807898, 44.687111574877726 ], [ 8.102397777448552, 44.686944893969248 ], [ 8.102417537747984, 44.686784949898708 ], [ 8.102466686111534, 44.686387128481762 ], [ 8.102417901596322, 44.686299863362301 ], [ 8.102388573699992, 44.686247401860165 ], [ 8.102367174688792, 44.686183267254215 ], [ 8.102337780847126, 44.68613758543659 ], [ 8.102328534292587, 44.686114556835051 ], [ 8.102314134182217, 44.686095016589526 ], [ 8.102186674101734, 44.685822100671864 ], [ 8.102120521263345, 44.685680453995666 ], [ 8.102064100409827, 44.685569028059774 ], [ 8.102023362813766, 44.685494730567619 ], [ 8.101886660412028, 44.685238073155411 ], [ 8.101828024952539, 44.685130461704205 ], [ 8.101748841910046, 44.684954783904303 ], [ 8.101709522822453, 44.684889225243253 ], [ 8.101676047735534, 44.684833410447808 ], [ 8.10164997872128, 44.684758300004191 ], [ 8.101558424724445, 44.684603164164535 ], [ 8.101552755859428, 44.684582901041814 ], [ 8.101487229967482, 44.684508698247079 ], [ 8.101433697512961, 44.684441125394919 ], [ 8.101114696299533, 44.684077034494749 ], [ 8.100970999614423, 44.68390819736544 ], [ 8.100851282862621, 44.683767534695789 ], [ 8.100816153127521, 44.68373162790612 ], [ 8.100781861122053, 44.683684858232937 ], [ 8.100508597693668, 44.683373588587855 ], [ 8.100453646474822, 44.683303283117439 ], [ 8.100424526780447, 44.683265264523179 ], [ 8.100356679795407, 44.683176721536704 ], [ 8.100322975837551, 44.683132737452183 ], [ 8.100231262151233, 44.683013068374919 ], [ 8.100097027000094, 44.682835910787581 ], [ 8.099920644227009, 44.682603126774012 ], [ 8.099895115507, 44.682569434657736 ], [ 8.099842234224162, 44.682485461890693 ], [ 8.099811259733457, 44.682416022042652 ], [ 8.099745014406158, 44.682330893057582 ], [ 8.09970567404241, 44.682280363976396 ], [ 8.099662771810557, 44.682225265818396 ], [ 8.099654840635555, 44.682215079642695 ], [ 8.099451014268269, 44.682011410041788 ], [ 8.099419737221909, 44.681981354479397 ], [ 8.099390216024052, 44.681961043198953 ], [ 8.099313599720615, 44.681873405341662 ], [ 8.099218973718658, 44.681752412273234 ], [ 8.099064458325993, 44.681552871903456 ], [ 8.099041000807539, 44.681528359026458 ], [ 8.098976808058147, 44.681460726044797 ], [ 8.09890370038525, 44.681382286286649 ], [ 8.098805871719174, 44.681295817946669 ], [ 8.098710324013304, 44.681216198123707 ], [ 8.098681051185295, 44.681197706349195 ], [ 8.098363766247516, 44.681000556890162 ], [ 8.098343999958459, 44.680988976593873 ], [ 8.097946114958095, 44.680812536355077 ], [ 8.097845774820925, 44.680768052881859 ], [ 8.097581666157621, 44.680651780737279 ], [ 8.097440574320185, 44.680585878327165 ], [ 8.097321341278587, 44.680539023575328 ], [ 8.097291874627356, 44.680526755319889 ], [ 8.097034155093718, 44.680431064111097 ], [ 8.097002204766005, 44.680418930290898 ], [ 8.096661945228814, 44.680274836171165 ], [ 8.096510593214978, 44.680223492503572 ], [ 8.096468260529573, 44.680209131788196 ], [ 8.096219848223949, 44.680103654195094 ], [ 8.096108831414952, 44.680056057905347 ], [ 8.095637016811256, 44.679878394799253 ], [ 8.095607546626463, 44.679867297618493 ], [ 8.095509340698358, 44.679826788266034 ], [ 8.095284709690119, 44.67972567614941 ], [ 8.095260750742662, 44.679715933091721 ], [ 8.095141011344628, 44.679649675364359 ], [ 8.094941898282059, 44.679538170903648 ], [ 8.094799209977946, 44.679438352240908 ], [ 8.094770253647708, 44.679415271770708 ], [ 8.094694417194003, 44.679371997813149 ], [ 8.094577747961377, 44.679299407212355 ], [ 8.094498941390416, 44.679250374267113 ], [ 8.094388662105159, 44.679166702347437 ], [ 8.094303571774761, 44.679102141742597 ], [ 8.094242525784455, 44.679042129099194 ], [ 8.094200421541998, 44.678998500138718 ], [ 8.094172447280954, 44.678976999020051 ], [ 8.094114364988176, 44.678928110449355 ], [ 8.093978328714417, 44.678813922108695 ], [ 8.093891523703505, 44.678744112234639 ], [ 8.093745684666544, 44.678652374312392 ], [ 8.09345950378875, 44.678472355021604 ], [ 8.093465969849619, 44.678446745196908 ], [ 8.093481011724363, 44.678379369001441 ], [ 8.093504019727146, 44.678083989823996 ], [ 8.093507413441296, 44.677980980625094 ], [ 8.093505225562099, 44.677725647580516 ], [ 8.093517950386856, 44.677490277104276 ], [ 8.0935295742009, 44.677275270048511 ], [ 8.093576115199953, 44.677104635493066 ], [ 8.093586603635188, 44.677068815404553 ], [ 8.093657740600632, 44.676897302323631 ], [ 8.093705169579943, 44.676784125646236 ], [ 8.093741148971942, 44.676735982569838 ], [ 8.093838396427918, 44.676613979134778 ], [ 8.09386667796324, 44.676586193807424 ], [ 8.094014020556566, 44.676441435833603 ], [ 8.094038412319243, 44.676414134563146 ], [ 8.094252245964956, 44.676156741635289 ], [ 8.094293961395135, 44.676109426426862 ], [ 8.094323930783995, 44.676075433962069 ], [ 8.094354575217679, 44.676017987417715 ], [ 8.094428636171951, 44.675906102621461 ], [ 8.094459126385219, 44.675853998966552 ], [ 8.094569528791869, 44.675700376724109 ], [ 8.094603085250245, 44.675651912256129 ], [ 8.09464791679879, 44.675512120819299 ], [ 8.09465752932744, 44.675475970256713 ], [ 8.094674543410925, 44.675384953240787 ], [ 8.094689701626523, 44.675313991670279 ], [ 8.094723368227479, 44.675130750003156 ], [ 8.094769016086898, 44.674882294402458 ], [ 8.094777490009156, 44.674837061893825 ], [ 8.094788038715137, 44.674806317409157 ], [ 8.094803326820875, 44.674749421623986 ], [ 8.094823978979846, 44.674713542398038 ], [ 8.094856680436489, 44.674640927494544 ], [ 8.094876908146004, 44.674596010951944 ], [ 8.09494618014646, 44.674495913375239 ], [ 8.094977930099027, 44.674456172719026 ], [ 8.095000330882876, 44.674417332668611 ], [ 8.095064877155705, 44.674286892360691 ], [ 8.095086429398425, 44.674257444792566 ], [ 8.095169337256486, 44.674144164622426 ], [ 8.095264287134238, 44.674007261634898 ], [ 8.095341373586431, 44.673900210350119 ], [ 8.095366478745376, 44.673860380953009 ], [ 8.095389539179319, 44.673833713394643 ], [ 8.095470931696132, 44.673739589184066 ], [ 8.095527357525912, 44.673674336818358 ], [ 8.095551810814484, 44.673582425018637 ], [ 8.095555411923849, 44.673440220675531 ], [ 8.095560178341678, 44.673251998010137 ], [ 8.095560509168577, 44.673136312670046 ], [ 8.095560593898739, 44.673106683487205 ], [ 8.095466845238954, 44.672751695364951 ], [ 8.095458103449008, 44.672727036088688 ], [ 8.095382683461816, 44.672514286754144 ], [ 8.095338274547066, 44.672411800352982 ], [ 8.095325216808233, 44.672381205328456 ], [ 8.095240395259864, 44.672233129469241 ], [ 8.095231585749566, 44.672160123266011 ], [ 8.095190661980178, 44.671827127821281 ], [ 8.095175731580843, 44.671709172896456 ], [ 8.095159815067271, 44.671589385805625 ], [ 8.095178597574588, 44.671463129157601 ], [ 8.095190886400571, 44.671426674083108 ], [ 8.095205963225409, 44.671398926571463 ], [ 8.095274231981243, 44.671317262712847 ], [ 8.095350404037271, 44.671213359208146 ], [ 8.095412498644901, 44.671143863290148 ], [ 8.095447711173614, 44.671104453545944 ], [ 8.09549872299508, 44.671009074360356 ], [ 8.095516062307604, 44.670992228137187 ], [ 8.095620134579535, 44.670891115172473 ], [ 8.09570644035932, 44.670798912946495 ], [ 8.095743218484014, 44.670768250201633 ], [ 8.095755437666917, 44.670758868359272 ], [ 8.095888552257041, 44.670627083965101 ], [ 8.095895508927832, 44.67060770341665 ], [ 8.095933280769446, 44.670523040756294 ], [ 8.09594392111431, 44.670502812661773 ], [ 8.0959603394088, 44.670470630380606 ], [ 8.09600565661963, 44.670394838166303 ], [ 8.096031116631803, 44.670352256660699 ], [ 8.096095767717294, 44.670257316600143 ], [ 8.096148181420167, 44.670182857087497 ], [ 8.096187092706936, 44.670118241106991 ], [ 8.09620773177252, 44.67008396786408 ], [ 8.096246954863972, 44.67002954430923 ], [ 8.096282279028115, 44.66989989394294 ], [ 8.096287239533931, 44.669881687337487 ], [ 8.096322966504101, 44.669825193056376 ], [ 8.096339221002461, 44.669801732062147 ], [ 8.096402606359444, 44.669710252993141 ], [ 8.096430910537357, 44.669669403707225 ], [ 8.096478203439577, 44.669601149281021 ], [ 8.096503912003019, 44.669561543967276 ], [ 8.096566792530789, 44.669374911188996 ], [ 8.096664112482946, 44.669140601401907 ], [ 8.096671883956464, 44.669120543672776 ], [ 8.096797505450585, 44.668983457555221 ], [ 8.096817454741005, 44.668961687554869 ], [ 8.096891804418375, 44.668887531784584 ], [ 8.096991911565086, 44.668783900178596 ], [ 8.097069328533088, 44.668708261191377 ], [ 8.097164987540927, 44.66860918323956 ], [ 8.097237447410732, 44.668534134292514 ], [ 8.097265257804203, 44.668510400597363 ], [ 8.097430924416253, 44.668369018343128 ], [ 8.097527552701335, 44.668312558830202 ], [ 8.097599542558694, 44.668270495324514 ], [ 8.097656244929476, 44.66820744957348 ], [ 8.09766671394336, 44.668063623464988 ], [ 8.097668062800805, 44.6680450924434 ], [ 8.097689012817895, 44.667997200995863 ], [ 8.09771827291809, 44.667956442795557 ], [ 8.097821563890347, 44.667828306117883 ], [ 8.097852591077487, 44.667789576510202 ], [ 8.097979904946985, 44.667630656657195 ], [ 8.098026751136594, 44.667464665760647 ], [ 8.098052431902605, 44.667373670243677 ], [ 8.098088740602778, 44.667291153690265 ], [ 8.098121979343295, 44.667151153622903 ], [ 8.098158149965395, 44.667046525862922 ], [ 8.098187120927443, 44.666930192753547 ], [ 8.098229684074598, 44.666780765167623 ], [ 8.09827563720752, 44.666627965247812 ], [ 8.098302887624348, 44.666537353800024 ], [ 8.098317817416754, 44.666491122227384 ], [ 8.098354509168258, 44.666442243540644 ], [ 8.098371196211776, 44.666420013968633 ], [ 8.098442968178329, 44.666354158471393 ], [ 8.0985559747967, 44.666249245034933 ], [ 8.098596222890729, 44.666210363559856 ], [ 8.098746744327924, 44.66606495246473 ], [ 8.09880446006542, 44.666010963980746 ], [ 8.098821278353569, 44.665993945184169 ], [ 8.098842874242843, 44.665969471694865 ], [ 8.098879257660139, 44.665917354902959 ], [ 8.098915265050989, 44.665854213712777 ], [ 8.098946386743968, 44.665799639774484 ], [ 8.098950752615808, 44.665733868639514 ], [ 8.098947641829588, 44.665574228210964 ], [ 8.098948529257109, 44.665406471769323 ], [ 8.098948640277234, 44.665385484711763 ], [ 8.098980239842122, 44.665301088973671 ], [ 8.099019746433278, 44.665197431577219 ], [ 8.099050114384138, 44.665139158392805 ], [ 8.099082482991372, 44.665092774323242 ], [ 8.099170341076322, 44.664949699846517 ], [ 8.099201859815885, 44.66489882089752 ], [ 8.099221266868906, 44.664863698363696 ], [ 8.099302085130244, 44.664719455656119 ], [ 8.099354249359676, 44.664651763079256 ], [ 8.099390721631933, 44.664604759404682 ], [ 8.099478695037876, 44.664491383230164 ], [ 8.099600725512534, 44.664360164129711 ], [ 8.09965809105047, 44.66430935620469 ], [ 8.099692783270763, 44.664282808035345 ], [ 8.099744060792284, 44.664244066001437 ], [ 8.099876366894401, 44.664156353062786 ], [ 8.099958032935389, 44.664102211974743 ], [ 8.10007425855312, 44.664034255100461 ], [ 8.100113138341207, 44.664010045416092 ], [ 8.100165400044787, 44.66397420292661 ], [ 8.100225952629415, 44.663932565296676 ], [ 8.100254163748314, 44.663906516338258 ], [ 8.100287643436564, 44.663875602565057 ], [ 8.100337697924223, 44.663770303279044 ], [ 8.100343413454071, 44.663757610707506 ], [ 8.100344469691537, 44.663731172136607 ], [ 8.100347445996274, 44.663656672404279 ], [ 8.100350022633885, 44.663592176533818 ], [ 8.100362922538418, 44.663493831721446 ], [ 8.100391309158949, 44.663395118598849 ], [ 8.100398025235984, 44.663371780041651 ], [ 8.100406124904399, 44.663272251590868 ], [ 8.100401201232689, 44.663242390876555 ], [ 8.10038577178428, 44.663162014434164 ], [ 8.10036569642557, 44.663057446175564 ], [ 8.100338268418096, 44.663010245776228 ], [ 8.100303953158162, 44.662951187625332 ], [ 8.100255868549731, 44.662874161410677 ], [ 8.100213021080185, 44.662805524324988 ], [ 8.100193960499695, 44.662774996384364 ], [ 8.100179165943631, 44.662742582073996 ], [ 8.10016242942951, 44.662705912962046 ], [ 8.100154489864167, 44.662688517637704 ], [ 8.100146077955024, 44.662645710725783 ], [ 8.100137865056949, 44.662603916491392 ], [ 8.100136603154571, 44.662561817550326 ], [ 8.10013478654913, 44.662454617366784 ], [ 8.100143161148091, 44.662385163864307 ], [ 8.100151399762607, 44.662354264049071 ], [ 8.100179262648439, 44.662249761024299 ], [ 8.100196538406079, 44.662142963707765 ], [ 8.100201787715198, 44.662125023671422 ], [ 8.100206913193592, 44.662096617055219 ], [ 8.100205300982749, 44.662077233455413 ], [ 8.100209454169031, 44.662042658026465 ], [ 8.100209399363626, 44.662017607265156 ], [ 8.10021983713275, 44.661937693355789 ], [ 8.100226732500197, 44.661843348231244 ], [ 8.100227511239595, 44.66178209382872 ], [ 8.100227849900534, 44.661741884889807 ], [ 8.100211058356114, 44.661701038835702 ], [ 8.100202975360851, 44.661678653705714 ], [ 8.100177082665253, 44.661622969478977 ], [ 8.100156772700737, 44.661583905093309 ], [ 8.100123223513336, 44.661519376134599 ], [ 8.100104506997621, 44.66149653823701 ], [ 8.100084993142261, 44.66147459151945 ], [ 8.099989282361136, 44.66136694784629 ], [ 8.099967323603479, 44.661325901790754 ], [ 8.09996320506739, 44.661307614577673 ], [ 8.099939339191167, 44.66120164457535 ], [ 8.099917640747925, 44.6611144317948 ], [ 8.099908778037758, 44.661080624029204 ], [ 8.099901644244818, 44.661051424832145 ], [ 8.099876870847275, 44.660956067421367 ], [ 8.099820220667059, 44.660848260889892 ], [ 8.099774333950672, 44.660760937155459 ], [ 8.099769265302594, 44.660739546672026 ], [ 8.099716494108426, 44.660635188812485 ], [ 8.099692080584031, 44.660587027601771 ], [ 8.099657658195047, 44.660519133920147 ], [ 8.099627318358687, 44.660472394942424 ], [ 8.099594217290347, 44.660421810509582 ], [ 8.099528736322611, 44.660344002710829 ], [ 8.099469894240926, 44.660278877452775 ], [ 8.099436232391238, 44.660243528837384 ], [ 8.099348243701714, 44.660142392664774 ], [ 8.099288311242503, 44.660046243930246 ], [ 8.099176888341637, 44.659929618725755 ], [ 8.099152103907562, 44.659904053334493 ], [ 8.099132785942853, 44.659884335666973 ], [ 8.099114072719949, 44.659867418423254 ], [ 8.099010181494128, 44.659763100684394 ], [ 8.098970720068227, 44.659724286958216 ], [ 8.09896090103984, 44.659705031990299 ], [ 8.098940036653264, 44.659664117195476 ], [ 8.09890734225, 44.659600003767494 ], [ 8.098868544698309, 44.659523921927658 ], [ 8.098849916805651, 44.659476363621906 ], [ 8.098779741963385, 44.659331422897843 ], [ 8.098779349919841, 44.659311577715435 ], [ 8.09877560745972, 44.65917479093882 ], [ 8.098776866421199, 44.659143049589154 ], [ 8.098778337445218, 44.658929033061376 ], [ 8.098713575213853, 44.658846513166189 ], [ 8.098636618565434, 44.658746072768444 ], [ 8.098536666536493, 44.658622967718735 ], [ 8.098530788062156, 44.65860481500296 ], [ 8.098465252462969, 44.658414697903261 ], [ 8.09844917278863, 44.658361377522148 ], [ 8.098421628904198, 44.658270041464093 ], [ 8.098303533641007, 44.657911787990457 ], [ 8.098238442917994, 44.657922574756952 ], [ 8.098059205266042, 44.658334464635487 ], [ 8.097987474617135, 44.658417759258349 ], [ 8.097920437789185, 44.658515350215602 ], [ 8.097761493697726, 44.658629769347229 ], [ 8.097704647000736, 44.658714443893061 ], [ 8.097680270305242, 44.658735564231854 ], [ 8.097583159438601, 44.658826938770737 ], [ 8.097555088686864, 44.658853351316615 ], [ 8.097536389606562, 44.658869333901833 ], [ 8.097487212185895, 44.658958936509187 ], [ 8.097436967377968, 44.659056822026692 ], [ 8.097393566718589, 44.659105428592618 ], [ 8.09737259619741, 44.659128914491042 ], [ 8.097210194102809, 44.659189357055553 ], [ 8.097151451681173, 44.659203015269142 ], [ 8.097110680956467, 44.659226228675948 ], [ 8.096996762795371, 44.65929108946564 ], [ 8.096972719211966, 44.659304778959886 ], [ 8.096905882646947, 44.659364267496493 ], [ 8.096831470034571, 44.659376921409866 ], [ 8.096735593223762, 44.659359868085097 ], [ 8.096700281750753, 44.659362591302184 ], [ 8.096664985486884, 44.659403143681232 ], [ 8.096587362581248, 44.659443478001265 ], [ 8.096522942875739, 44.659461146290539 ], [ 8.096409822614579, 44.659482796579709 ], [ 8.096334382825196, 44.659509780406921 ], [ 8.096252469425387, 44.659512613129252 ], [ 8.096056042022498, 44.659569248716231 ], [ 8.095946453094442, 44.659652220774781 ], [ 8.095889728423863, 44.659658560162484 ], [ 8.095827840494623, 44.659633441981455 ], [ 8.095749543682787, 44.659591358712106 ], [ 8.095680377681632, 44.659579398590154 ], [ 8.095661769748554, 44.659601964089475 ], [ 8.095582205300675, 44.659698450201574 ], [ 8.095469254435216, 44.659773734538319 ], [ 8.095399107540182, 44.659846047135204 ], [ 8.095329717804329, 44.659917578974216 ], [ 8.095278798258819, 44.659970070296247 ], [ 8.095206381952764, 44.660043246501793 ], [ 8.095164656276429, 44.660086585334454 ], [ 8.095062276350598, 44.660192923027573 ], [ 8.094880918038747, 44.660303987871977 ], [ 8.094804090531863, 44.660445512849677 ], [ 8.094697005629566, 44.660421347491472 ], [ 8.094664249754773, 44.66044121058188 ], [ 8.094664253841707, 44.660467322521534 ], [ 8.094700771043296, 44.66053842644785 ], [ 8.094715877571538, 44.660577131355495 ], [ 8.094654501568325, 44.660607539368542 ], [ 8.09459741081781, 44.66063582424529 ], [ 8.094491742840001, 44.660702900228415 ], [ 8.094396974691174, 44.660763056994533 ], [ 8.094254464378734, 44.660881181136865 ], [ 8.094140290821509, 44.660907971971312 ], [ 8.093995957955523, 44.660941839490476 ], [ 8.093884945275814, 44.660984283660106 ], [ 8.093874793646824, 44.661041911967196 ], [ 8.09376753265774, 44.66109876124149 ], [ 8.093681775866902, 44.661084466934646 ], [ 8.093421800980334, 44.661164901528885 ], [ 8.093367455821273, 44.661276575045193 ], [ 8.093296751662335, 44.661355870934045 ], [ 8.093173066874986, 44.661411822219073 ], [ 8.093014288246648, 44.661414758483851 ], [ 8.09296483659466, 44.661415672939249 ], [ 8.092968643748334, 44.661500265453633 ], [ 8.092945910958262, 44.661514633805034 ], [ 8.092913266432872, 44.661525585153875 ], [ 8.09280965353428, 44.661560344368638 ], [ 8.092600319290092, 44.661614260997517 ], [ 8.092549962191827, 44.661627156730987 ], [ 8.092485453798542, 44.661643923170452 ], [ 8.092359422165215, 44.661752945304038 ], [ 8.092290942525359, 44.661799441267846 ], [ 8.092189836714375, 44.661868089373129 ], [ 8.092167793680444, 44.661878591871201 ], [ 8.092031817609959, 44.662065442850512 ], [ 8.091734312869463, 44.66217454425685 ], [ 8.091667524634023, 44.662257310217448 ], [ 8.091477168367829, 44.662421048256505 ], [ 8.091405315229236, 44.66256131575124 ], [ 8.091333459629293, 44.662671015300852 ], [ 8.091285351314745, 44.662695873084893 ], [ 8.09125494531515, 44.662705016052961 ], [ 8.091155886709256, 44.662776459748358 ], [ 8.091090052059615, 44.662823941298576 ], [ 8.090957628584997, 44.66295971312077 ], [ 8.09089928129203, 44.663078966948802 ], [ 8.090891023158242, 44.663096378832542 ], [ 8.090865327542028, 44.663229783558677 ], [ 8.090860012277885, 44.663247827486245 ], [ 8.090833584054003, 44.663301215910309 ], [ 8.090774354846852, 44.663412487599857 ], [ 8.090776544319617, 44.663431306871381 ], [ 8.090765700075469, 44.663552960155464 ], [ 8.090719188776866, 44.663638401654417 ], [ 8.090700734130255, 44.663738366707804 ], [ 8.090593690693781, 44.663879607903162 ], [ 8.09057500735987, 44.663893136392581 ], [ 8.090425992269791, 44.66399093857796 ], [ 8.090348171990209, 44.664042013687755 ], [ 8.090311553136067, 44.664133699047788 ], [ 8.090311139670305, 44.664163809073251 ], [ 8.09031557579293, 44.664226152600129 ], [ 8.09031783170078, 44.664369223111017 ], [ 8.090303426743512, 44.664488200284332 ], [ 8.090298891765837, 44.664525656644237 ], [ 8.090250931879071, 44.664567907356393 ], [ 8.090199196107804, 44.664590373449244 ], [ 8.090098215833871, 44.664583165322711 ], [ 8.090063052309924, 44.664599252317458 ], [ 8.089966955263678, 44.664648764410686 ], [ 8.089872282706169, 44.664680209067527 ], [ 8.089729648131062, 44.664705342175964 ], [ 8.089557741026647, 44.664708079373646 ], [ 8.089512553238462, 44.66473041112895 ], [ 8.089405211317278, 44.66478345924692 ], [ 8.089242372058777, 44.664902997932401 ], [ 8.089149160854786, 44.664921843225436 ], [ 8.088958307260603, 44.66496042942515 ], [ 8.088923426285698, 44.664988441646223 ], [ 8.088897454476145, 44.665007488574574 ], [ 8.088868476066416, 44.665045394551349 ], [ 8.088842641659639, 44.665079987089953 ], [ 8.088733644424423, 44.665177110695019 ], [ 8.088694527708242, 44.66520857935371 ], [ 8.088496776246002, 44.665248513395753 ], [ 8.088405432833625, 44.665266959201439 ], [ 8.088360551789309, 44.665304088552084 ], [ 8.088341615552419, 44.66532803638777 ], [ 8.088316289406029, 44.665361628123357 ], [ 8.088275542518279, 44.665441447498353 ], [ 8.088179647104113, 44.665489108983465 ], [ 8.08810972115241, 44.665531662415567 ], [ 8.088073069149825, 44.665553966946298 ], [ 8.087933630127816, 44.665629387770004 ], [ 8.087766901239569, 44.665649423078342 ], [ 8.087760449103609, 44.665856124074836 ], [ 8.087763005173949, 44.66602437843359 ], [ 8.087764995515885, 44.666155393172296 ], [ 8.087767674739295, 44.666445303200916 ], [ 8.087757897632633, 44.666654991015449 ], [ 8.08775578815194, 44.666725820290921 ], [ 8.087754602500219, 44.66680129350442 ] ] ] } },
{ "type": "Feature", "properties": { "name": "Barolo", "classification": "DOCG", "grapes": "Nebbiolo 100%", "area_ha": 2010, "communes": 11 }, "geometry": { "type": "Polygon", "coordinates": [ [ [ 7.919063047561974, 44.607947564019526 ], [ 7.919067357105115, 44.608003019396293 ], [ 7.919089605410634, 44.608145643376588 ], [ 7.919107661183374, 44.608431142632305 ], [ 7.919125498745911, 44.608713189184051 ], [ 7.919140866459957, 44.608895863960157 ], [ 7.919154091154571, 44.609053064018703 ], [ 7.919158025307401, 44.609097297317184 ], [ 7.91917527819953, 44.609200571524156 ], [ 7.919209683130462, 44.609366045938877 ], [ 7.919244367046539, 44.609505254054511 ], [ 7.919249481622895, 44.609525774389255 ], [ 7.919275743455116, 44.609642866268942 ], [ 7.919288280839377, 44.609699368428856 ], [ 7.91932612869679, 44.609858051251337 ], [ 7.919407046166584, 44.61017022514509 ], [ 7.919439147354378, 44.610295727262908 ], [ 7.919465988942771, 44.610472955432549 ], [ 7.919598630940663, 44.611106932002137 ], [ 7.919599460617536, 44.611068406158687 ], [ 7.919601856227807, 44.610954738030955 ], [ 7.9196052237078, 44.610969021836908 ], [ 7.919622474854585, 44.611041974804905 ], [ 7.919645965823269, 44.611141173301775 ], [ 7.919687568915593, 44.611308194397942 ], [ 7.919696479484537, 44.611343953722013 ], [ 7.919720725829356, 44.611453584146815 ], [ 7.919730153839089, 44.61149631839826 ], [ 7.919744821673214, 44.611564582521339 ], [ 7.919776366575272, 44.611697006037573 ], [ 7.919779191500192, 44.611729573487473 ], [ 7.919786484428398, 44.61175462883994 ], [ 7.919815195596335, 44.611853269919628 ], [ 7.919849889851102, 44.612002142531431 ], [ 7.919885822076195, 44.612159922778922 ], [ 7.919895774183109, 44.612204067815483 ], [ 7.919913798998046, 44.612284103006623 ], [ 7.919954523252822, 44.612448659526279 ], [ 7.919983255464635, 44.61257245256936 ], [ 7.920019048217043, 44.612726951067998 ], [ 7.920052074195463, 44.612859844289851 ], [ 7.920059746813381, 44.61289150182499 ], [ 7.920086675079578, 44.613003135813592 ], [ 7.920096751948569, 44.613048019209437 ], [ 7.920133417014574, 44.613151144784027 ], [ 7.920164760168944, 44.613288559681941 ], [ 7.92017101093874, 44.613315964279238 ], [ 7.920178497752948, 44.613327661539607 ], [ 7.920183778906263, 44.613428707998942 ], [ 7.920187989734162, 44.613572417710799 ], [ 7.920189998019953, 44.613640957547851 ], [ 7.920191405448019, 44.613688990930186 ], [ 7.920228724808215, 44.614167671012133 ], [ 7.920237284698133, 44.614277604222657 ], [ 7.920249913353992, 44.614418856096499 ], [ 7.920262475120259, 44.61455768350006 ], [ 7.920280878843202, 44.614733453383472 ], [ 7.920289155666248, 44.614812503171215 ], [ 7.920299305218019, 44.614970505918286 ], [ 7.920314941332454, 44.615120136449569 ], [ 7.920319949750493, 44.615176163394743 ], [ 7.920326040921649, 44.615243802612476 ], [ 7.920336722183711, 44.615361634414185 ], [ 7.920338828786071, 44.615385059322577 ], [ 7.920351159234384, 44.615474803014422 ], [ 7.92036789613296, 44.615596116479395 ], [ 7.920383386589694, 44.615773710372061 ], [ 7.920387132936255, 44.615816661075264 ], [ 7.920393186638655, 44.615886036678383 ], [ 7.920396169132641, 44.61592007071193 ], [ 7.920399454318419, 44.615957558800865 ], [ 7.920407047577434, 44.616053511768278 ], [ 7.920417337021288, 44.616183534894972 ], [ 7.920423903798913, 44.616266516075164 ], [ 7.920426616401856, 44.61631692287348 ], [ 7.920429800400607, 44.616376089266943 ], [ 7.920433128648694, 44.616437768408986 ], [ 7.920430258234044, 44.616494908997318 ], [ 7.920425091207981, 44.616583635336212 ], [ 7.920421747158394, 44.616641058001079 ], [ 7.920418905775717, 44.616689848969258 ], [ 7.920418544090638, 44.616725075908974 ], [ 7.920411138807988, 44.616869984580788 ], [ 7.920384551382919, 44.617175345661863 ], [ 7.920381152895912, 44.617231553466809 ], [ 7.920370769960547, 44.617414010478321 ], [ 7.920364942137617, 44.617516761286488 ], [ 7.920360312301524, 44.617591961551533 ], [ 7.920358455018073, 44.617622178213409 ], [ 7.920374702456609, 44.617646564230633 ], [ 7.920403000946012, 44.617689049626996 ], [ 7.920445995172479, 44.617748987383422 ], [ 7.920511945250948, 44.617840457070869 ], [ 7.920583686623127, 44.617943908889877 ], [ 7.920619580773876, 44.6179956452117 ], [ 7.920700418630321, 44.618103286499533 ], [ 7.920725877077515, 44.618140856912134 ], [ 7.920824466574993, 44.618286350280613 ], [ 7.920923095163683, 44.61843190053451 ], [ 7.921003143605212, 44.61855003071237 ], [ 7.921016922200927, 44.618570482832766 ], [ 7.921120666078348, 44.618721642367625 ], [ 7.921157697271683, 44.618775598285417 ], [ 7.921262736327365, 44.618932003754068 ], [ 7.92128542349947, 44.618969044136165 ], [ 7.921365665052308, 44.61908860766647 ], [ 7.921407519037357, 44.619152711087082 ], [ 7.92144024807941, 44.619197621960858 ], [ 7.921452116752356, 44.619187812857717 ], [ 7.921880121344103, 44.61906448283689 ], [ 7.921544189341415, 44.619378129146831 ], [ 7.920969732951376, 44.619768810630561 ], [ 7.920079195919743, 44.620210512168221 ], [ 7.918780673143613, 44.620900412464493 ], [ 7.918372858039803, 44.621139616426362 ], [ 7.916918369163665, 44.622080085822631 ], [ 7.915834858723922, 44.622726977171631 ], [ 7.915618755717158, 44.62282395111631 ], [ 7.913624085125774, 44.622985026895428 ], [ 7.912892763628545, 44.622996066651368 ], [ 7.912323430943188, 44.623107675078529 ], [ 7.9114245558871, 44.62331516097445 ], [ 7.910604158104711, 44.623370346540995 ], [ 7.909760582041978, 44.623317277246102 ], [ 7.909418604011103, 44.623404035726999 ], [ 7.908474708493924, 44.623322988463855 ], [ 7.907529627522556, 44.623304940126971 ], [ 7.906750425914392, 44.623180444415979 ], [ 7.906213397253156, 44.622914223184594 ], [ 7.90575232560122, 44.622630723418006 ], [ 7.905290588199158, 44.622383227701896 ], [ 7.905092153922938, 44.622210274926211 ], [ 7.904892204268032, 44.622118329201541 ], [ 7.904489416022471, 44.622087455534924 ], [ 7.904342077484859, 44.621878979294145 ], [ 7.904235829019039, 44.622166039886544 ], [ 7.903836313664867, 44.622630338030589 ], [ 7.903745550074407, 44.622764500236038 ], [ 7.903703494780989, 44.622989163038312 ], [ 7.903367835767335, 44.623409053646675 ], [ 7.903361558923746, 44.623742087547328 ], [ 7.903402974522937, 44.624219619375808 ], [ 7.903269173258558, 44.62529863406845 ], [ 7.903340044963655, 44.625551386871678 ], [ 7.903638800592179, 44.625752316150162 ], [ 7.903737252473145, 44.625879297387762 ], [ 7.903733525078403, 44.626077317647216 ], [ 7.90360290016068, 44.626319129232478 ], [ 7.903622338771844, 44.626625399509408 ], [ 7.903645003439445, 44.626760655088511 ], [ 7.903856214798289, 44.626924730975745 ], [ 7.904054146497422, 44.627124691302306 ], [ 7.904100325207078, 44.627350196217648 ], [ 7.903979422470049, 44.627745143274595 ], [ 7.903823248848921, 44.628004718274489 ], [ 7.903781365640098, 44.628220376032203 ], [ 7.904028077036543, 44.62917701151531 ], [ 7.903946167029376, 44.629509319233506 ], [ 7.903804970827468, 44.629643001877987 ], [ 7.903814863680774, 44.629787136668611 ], [ 7.90371113925872, 44.629939182703275 ], [ 7.903656480719762, 44.630163719613087 ], [ 7.903418051537594, 44.630773601835493 ], [ 7.903449077316759, 44.631133999251517 ], [ 7.903543124550582, 44.631495001750864 ], [ 7.904137819717436, 44.632049872729176 ], [ 7.904569501990061, 44.632558158222281 ], [ 7.90487869474497, 44.632876213564863 ], [ 7.905107179089695, 44.633463569937852 ], [ 7.904593464890172, 44.63396277787421 ], [ 7.904255199964458, 44.634517687714585 ], [ 7.904581482371777, 44.635268026831959 ], [ 7.904737383045572, 44.635692643948765 ], [ 7.904910644627333, 44.63586535556864 ], [ 7.90664781053869, 44.636683239375635 ], [ 7.906923110954907, 44.638135277776712 ], [ 7.907067532036546, 44.639171952265642 ], [ 7.907450219131573, 44.639607737557391 ], [ 7.907619189596704, 44.64068065354688 ], [ 7.907608190769064, 44.641265708454597 ], [ 7.907809408132989, 44.642636017869563 ], [ 7.907755597048308, 44.642815550289434 ], [ 7.907626307700688, 44.64298535880755 ], [ 7.907102795485397, 44.643331446707577 ], [ 7.905913347462427, 44.644220292416527 ], [ 7.905518774977856, 44.644414562267947 ], [ 7.904911228091748, 44.644534768898005 ], [ 7.904833885688888, 44.644624050711641 ], [ 7.903730381558859, 44.644964550130801 ], [ 7.902909502286712, 44.645028681992578 ], [ 7.902235160156461, 44.645346283427344 ], [ 7.902078596935308, 44.645623855283873 ], [ 7.90123181251202, 44.645723733564211 ], [ 7.900736349295803, 44.645917016043583 ], [ 7.899763821472174, 44.646663850335301 ], [ 7.89889110802237, 44.647465654642588 ], [ 7.899174791102238, 44.647801482440329 ], [ 7.899620689870583, 44.64822890078095 ], [ 7.899691912022968, 44.648463654478633 ], [ 7.899292516710783, 44.648909927374021 ], [ 7.899498681877615, 44.649344032410646 ], [ 7.90009095881788, 44.650033932366568 ], [ 7.90022539641318, 44.650260292635643 ], [ 7.900183312171817, 44.650484948197523 ], [ 7.900132368537382, 44.650511463195869 ], [ 7.900650197633492, 44.651137629898692 ], [ 7.901171273906668, 44.651592771287071 ], [ 7.902303222808194, 44.651756712591734 ], [ 7.903261541431536, 44.65176592948746 ], [ 7.903485412173908, 44.651263941777906 ], [ 7.903591550642682, 44.65098588413926 ], [ 7.904519663461596, 44.650589688160139 ], [ 7.904449484922175, 44.650967116968843 ], [ 7.9042733924592, 44.652279789494628 ], [ 7.904403153781534, 44.653424351337236 ], [ 7.904469352332571, 44.654595308672597 ], [ 7.904870887340526, 44.657380927809022 ], [ 7.90513848040979, 44.659913194031382 ], [ 7.904666313744152, 44.660871925756403 ], [ 7.903127424025911, 44.661541328851342 ], [ 7.901845154101628, 44.661979116882115 ], [ 7.901662288351439, 44.662310445614814 ], [ 7.900288982881571, 44.663557563375193 ], [ 7.898966762654253, 44.664102961116875 ], [ 7.898057137907248, 44.664841383094341 ], [ 7.893691723295003, 44.666869699242788 ], [ 7.894732346484139, 44.667870062928621 ], [ 7.898742842141155, 44.669925413011157 ], [ 7.898863880096174, 44.668864283247963 ], [ 7.899193538500229, 44.668111250483683 ], [ 7.899997524747667, 44.6669576801036 ], [ 7.900477653493792, 44.666251111206996 ], [ 7.900410158144913, 44.665818339887096 ], [ 7.900593891549002, 44.664775833373334 ], [ 7.901421161404889, 44.663721510755586 ], [ 7.902394473642005, 44.662947666526065 ], [ 7.903110255005852, 44.662450412107567 ], [ 7.904503311350819, 44.662157711782335 ], [ 7.90472834828809, 44.662090768892021 ], [ 7.905055029346112, 44.662454941655255 ], [ 7.904676780910234, 44.662731155096502 ], [ 7.904313105467597, 44.663002294684468 ], [ 7.904237007496961, 44.663022216109475 ], [ 7.904126270838828, 44.663003985837513 ], [ 7.903953815403428, 44.662975602512581 ], [ 7.903799682163089, 44.662950230576541 ], [ 7.903809713270365, 44.662934014448801 ], [ 7.903754305867958, 44.662925641445021 ], [ 7.90329485876213, 44.662856223367044 ], [ 7.903283376922567, 44.662865079527236 ], [ 7.903230191289345, 44.662844583316655 ], [ 7.903209290163209, 44.662836532448168 ], [ 7.903082932330715, 44.662787830916201 ], [ 7.903041919108384, 44.662772033781188 ], [ 7.902935003282568, 44.662743882358384 ], [ 7.902904722511826, 44.662768996333831 ], [ 7.902840619459119, 44.662832432821943 ], [ 7.902848917865546, 44.662863282885496 ], [ 7.902851931629518, 44.662899447629201 ], [ 7.902759867132477, 44.662934572829236 ], [ 7.902756272877723, 44.662945899371621 ], [ 7.902753469244432, 44.662954766842375 ], [ 7.902609606649596, 44.663043606894128 ], [ 7.902437867798433, 44.6631691338509 ], [ 7.902416402765333, 44.663188291788451 ], [ 7.902378720267413, 44.663221922807132 ], [ 7.902298999594583, 44.663237243882776 ], [ 7.902300012187315, 44.663246418098197 ], [ 7.902316509786941, 44.663247179842166 ], [ 7.902359855954792, 44.663289088725946 ], [ 7.902360800441027, 44.663317914608179 ], [ 7.902315127107902, 44.663331807473433 ], [ 7.902275684260262, 44.663368473362695 ], [ 7.902264384533699, 44.663385712439791 ], [ 7.902268036162563, 44.66339340861645 ], [ 7.902275872604654, 44.663409958406731 ], [ 7.902273668269529, 44.663437862779269 ], [ 7.902227747902684, 44.663513626988859 ], [ 7.902176064797835, 44.663541829915999 ], [ 7.902184362014812, 44.663571392664089 ], [ 7.902230583807898, 44.663598628258839 ], [ 7.902220847032266, 44.663609913739556 ], [ 7.902199568208081, 44.663634564911753 ], [ 7.902133598476251, 44.663633741654834 ], [ 7.902103710633665, 44.66364802025673 ], [ 7.902088802918104, 44.663691331696263 ], [ 7.902105497367619, 44.663730454748752 ], [ 7.902079301230595, 44.66379173455158 ], [ 7.902109999432676, 44.663838779347017 ], [ 7.902108883721711, 44.663855117046324 ], [ 7.90204590415189, 44.66389835340614 ], [ 7.902042633135037, 44.663926625618451 ], [ 7.902016826105817, 44.663975971914653 ], [ 7.902035178162061, 44.663993442047655 ], [ 7.902254062275717, 44.663996122507299 ], [ 7.902296020577929, 44.663996633866489 ], [ 7.902528377347179, 44.664036056215529 ], [ 7.903047235358244, 44.664223781942489 ], [ 7.903503560957231, 44.664333537956473 ], [ 7.903692557288001, 44.664396073953263 ], [ 7.903935090831506, 44.66444784345196 ], [ 7.904164337367312, 44.664495829943405 ], [ 7.904281898351466, 44.664522921034745 ], [ 7.904639166613081, 44.664605236834326 ], [ 7.904743468373935, 44.664647162316335 ], [ 7.904859155651229, 44.664661244326808 ], [ 7.905297292287753, 44.664722376623729 ], [ 7.905597296154336, 44.664746884970405 ], [ 7.90578077626199, 44.664781646141847 ], [ 7.906248452133633, 44.664919560525661 ], [ 7.906278266094207, 44.665037985037017 ], [ 7.906145628313156, 44.665231581326665 ], [ 7.906173421157929, 44.665268991591091 ], [ 7.906151280977594, 44.6652777909569 ], [ 7.906294057640647, 44.66533122856535 ], [ 7.906761433773442, 44.66550753335013 ], [ 7.907015909378986, 44.665603540555857 ], [ 7.906765424609774, 44.66654612835076 ], [ 7.907228120597027, 44.666479320692382 ], [ 7.907761636731713, 44.666404384165276 ], [ 7.908014240637515, 44.666359177064663 ], [ 7.908031731178555, 44.666395119985197 ], [ 7.908430830405432, 44.667217052909344 ], [ 7.908433160802576, 44.667221852221431 ], [ 7.908967189191603, 44.667162255112679 ], [ 7.909124638756253, 44.667140668042904 ], [ 7.909202619426197, 44.667119438000867 ], [ 7.909356168770056, 44.667066340852763 ], [ 7.909490147940645, 44.667300886654012 ], [ 7.910889977523447, 44.670015013894265 ], [ 7.910817026734466, 44.671886845913804 ], [ 7.911476449207965, 44.672379274788824 ], [ 7.912425663155573, 44.672892468391289 ], [ 7.913065268367776, 44.673096621731645 ], [ 7.91372489180708, 44.673580037593332 ], [ 7.913996676613362, 44.673888708411276 ], [ 7.915478600369934, 44.674253905353829 ], [ 7.915648040030699, 44.674305649433578 ], [ 7.915037969009836, 44.673005936643442 ], [ 7.915071535756632, 44.67295009843275 ], [ 7.915314931257284, 44.672824882234821 ], [ 7.915408779576087, 44.672713504379161 ], [ 7.915915879317822, 44.671783624730068 ], [ 7.91607027348604, 44.671604330611345 ], [ 7.915983958224092, 44.671023511970986 ], [ 7.915913841260499, 44.670904302402214 ], [ 7.915896099802294, 44.670506604796984 ], [ 7.915939753327037, 44.670453661818648 ], [ 7.916130946249277, 44.670418404649503 ], [ 7.916152338861743, 44.670394913301394 ], [ 7.916146895646499, 44.670364091341192 ], [ 7.9161207493721, 44.670338042221985 ], [ 7.915869508521575, 44.670164062044741 ], [ 7.915856454102575, 44.670147670723338 ], [ 7.915855699151668, 44.670127264054045 ], [ 7.915875677187191, 44.670091002886345 ], [ 7.916003857198153, 44.669987881551521 ], [ 7.916008037681458, 44.669942963107133 ], [ 7.915878237847142, 44.669833881832801 ], [ 7.915778273541439, 44.66973093526137 ], [ 7.915997221560208, 44.669404506192024 ], [ 7.916025644966266, 44.669342209113253 ], [ 7.916068141479936, 44.669249086252499 ], [ 7.916078374711895, 44.669114966162176 ], [ 7.91605354766537, 44.668787384151592 ], [ 7.916412707746562, 44.667618154058104 ], [ 7.91641302065598, 44.667558029783997 ], [ 7.91649043174254, 44.667447413214163 ], [ 7.916501695185849, 44.667358134932613 ], [ 7.916413675721372, 44.667169455010637 ], [ 7.916360251137196, 44.667170802563746 ], [ 7.916336351193377, 44.666955894753457 ], [ 7.916375557733992, 44.666949848061812 ], [ 7.916599842591211, 44.665550128410949 ], [ 7.917226889732818, 44.664394761922424 ], [ 7.917694458223621, 44.66231963042744 ], [ 7.918319340963255, 44.662631637502649 ], [ 7.919583756938707, 44.66314775760587 ], [ 7.921991634501153, 44.663224552044788 ], [ 7.922809572342633, 44.663331304714724 ], [ 7.924524242968777, 44.66405867757458 ], [ 7.928363954298364, 44.665157100068924 ], [ 7.929742524957479, 44.665647173087166 ], [ 7.930300795002988, 44.666156540226361 ], [ 7.930919327970777, 44.666819523403547 ], [ 7.931423538863589, 44.667526442748482 ], [ 7.931755806316604, 44.667979681086628 ], [ 7.932396460137457, 44.668813912058219 ], [ 7.933057024156374, 44.66925221612901 ], [ 7.934146116830711, 44.669712520529139 ], [ 7.934151460982851, 44.669858625653767 ], [ 7.934184495769012, 44.669962173834755 ], [ 7.934235748838232, 44.670016099597426 ], [ 7.935058211657666, 44.670552178991812 ], [ 7.935205589615317, 44.670720260233999 ], [ 7.935330687310332, 44.670954571477779 ], [ 7.935475850899781, 44.671361547129138 ], [ 7.935601152582962, 44.671679267435117 ], [ 7.935602076418624, 44.671731490119306 ], [ 7.935996643012212, 44.672782203206495 ], [ 7.935995487360281, 44.672978418289198 ], [ 7.935884161361895, 44.673654669342753 ], [ 7.935916343359176, 44.674087049520239 ], [ 7.936115655944215, 44.674349256603513 ], [ 7.936186907603705, 44.674413072373035 ], [ 7.936292970534051, 44.674467822833044 ], [ 7.93652488829254, 44.674556172032936 ], [ 7.936478410991323, 44.674574662286787 ], [ 7.936607727169653, 44.67470666273465 ], [ 7.936710013013355, 44.674869592272053 ], [ 7.93707491270836, 44.67508401852367 ], [ 7.937217666159831, 44.675178171128849 ], [ 7.937750328129564, 44.676128930346238 ], [ 7.938209169736154, 44.676565322895222 ], [ 7.938820556623964, 44.676710426249436 ], [ 7.939494624160027, 44.676949841723712 ], [ 7.939593088266589, 44.676834336806657 ], [ 7.940182603181226, 44.676935154021976 ], [ 7.940110242691889, 44.677135911560278 ], [ 7.940369111158136, 44.677100539749318 ], [ 7.940403054921616, 44.677185495445677 ], [ 7.940475100015415, 44.677192375577221 ], [ 7.940482923433552, 44.677216565641658 ], [ 7.940483501119823, 44.677272791102816 ], [ 7.940576355422818, 44.67720817798071 ], [ 7.940599894470605, 44.677613833455837 ], [ 7.94352595004492, 44.677676980576905 ], [ 7.943728120369599, 44.677660847065525 ], [ 7.944609035999567, 44.677092841625594 ], [ 7.945082989351172, 44.676701112123737 ], [ 7.945503534708752, 44.676470934478694 ], [ 7.945708311975101, 44.676310782814141 ], [ 7.94602498942065, 44.676241691268281 ], [ 7.946668842767993, 44.676220626345511 ], [ 7.947324651322158, 44.676235684590168 ], [ 7.947641163603669, 44.676175588881442 ], [ 7.948800808938021, 44.675764843254875 ], [ 7.949588151782588, 44.676071562673251 ], [ 7.950107690161766, 44.676071055918932 ], [ 7.950638383353177, 44.676013150844319 ], [ 7.950940625724852, 44.675957745124052 ], [ 7.951121073702464, 44.675899680593012 ], [ 7.951357464878416, 44.675619166545061 ], [ 7.95189845116428, 44.674964795655818 ], [ 7.952101139677771, 44.674649752484989 ], [ 7.952125802184137, 44.674611421415584 ], [ 7.952454129431292, 44.674657447655804 ], [ 7.952690845346231, 44.674691530909811 ], [ 7.953026124080118, 44.674756615094161 ], [ 7.953278803960219, 44.674703053383524 ], [ 7.953537913409177, 44.674561416313651 ], [ 7.953514639666943, 44.674515632774529 ], [ 7.953533484579191, 44.67441493331669 ], [ 7.953733841215036, 44.674378578012728 ], [ 7.953828832532647, 44.674358529504659 ], [ 7.953994247713042, 44.674257606198729 ], [ 7.954210469667088, 44.674144031408325 ], [ 7.954738664325908, 44.674395298840288 ], [ 7.955271075661663, 44.673553932636089 ], [ 7.955439861662599, 44.673316279999554 ], [ 7.955869945710223, 44.673059187713946 ], [ 7.956542067616118, 44.672645288811154 ], [ 7.956652216733837, 44.672518112026552 ], [ 7.956679891173543, 44.672451918242658 ], [ 7.956636057177736, 44.672391750653844 ], [ 7.956623783190398, 44.672343151444082 ], [ 7.956589471835867, 44.672326723605892 ], [ 7.956552375204653, 44.672324899250341 ], [ 7.956535328046529, 44.67226318489368 ], [ 7.956550631055716, 44.672174623814662 ], [ 7.956542470442374, 44.672138656574084 ], [ 7.956587315089952, 44.672047574664077 ], [ 7.956576440612808, 44.671994108918312 ], [ 7.956782513064729, 44.671587195540475 ], [ 7.957602229741358, 44.670901487609477 ], [ 7.957314055058533, 44.670790825324652 ], [ 7.95712695928029, 44.670672083576939 ], [ 7.956285093416251, 44.669782141607797 ], [ 7.955875331414895, 44.669418293990901 ], [ 7.955414794345889, 44.669071988762774 ], [ 7.955202638113468, 44.668944012738059 ], [ 7.954123586407219, 44.668619042728338 ], [ 7.953732768760572, 44.668431375945964 ], [ 7.953802708534673, 44.668393800973334 ], [ 7.954074349792898, 44.668251974752373 ], [ 7.954561612886693, 44.668105265267194 ], [ 7.954942797474981, 44.668020268338935 ], [ 7.955307796843453, 44.66793318240326 ], [ 7.955509802489861, 44.667882373829841 ], [ 7.955682006193672, 44.667810340921228 ], [ 7.955780056716766, 44.667769326133516 ], [ 7.955936024964255, 44.667678329521017 ], [ 7.956086990891652, 44.667586168892321 ], [ 7.95649467256756, 44.667327582167019 ], [ 7.956611281506984, 44.667209725496676 ], [ 7.956459008747344, 44.667184102882459 ], [ 7.956483687372542, 44.667155216343367 ], [ 7.956824881035666, 44.667122326174137 ], [ 7.957912146869805, 44.666286013753826 ], [ 7.958687318555506, 44.665968994821249 ], [ 7.959527170573097, 44.665562545942819 ], [ 7.959809325272735, 44.665304043955722 ], [ 7.960485188695914, 44.664896084919825 ], [ 7.960932097694927, 44.664594065811194 ], [ 7.962112271942177, 44.664199691106752 ], [ 7.962610415859296, 44.663853117102434 ], [ 7.963383210996876, 44.662959888364533 ], [ 7.964394088700202, 44.662861033040869 ], [ 7.965251213417863, 44.662895808290841 ], [ 7.966012520380003, 44.663352829475578 ], [ 7.966836576994064, 44.663828417001255 ], [ 7.967462536856769, 44.664095150913752 ], [ 7.968816729768505, 44.664500109502796 ], [ 7.967698478405099, 44.666384783258117 ], [ 7.967774850283413, 44.666462112921792 ], [ 7.967812227202798, 44.666480375176583 ], [ 7.967825576742797, 44.66649513379749 ], [ 7.96806792707579, 44.666527527194631 ], [ 7.968061941338997, 44.666534990138842 ], [ 7.968687262806844, 44.666589738381973 ], [ 7.968720485144765, 44.666612805565791 ], [ 7.96876478803359, 44.666610000774469 ], [ 7.969882490475508, 44.667009119695535 ], [ 7.969960575500605, 44.666812643698194 ], [ 7.970010793795266, 44.666826996406016 ], [ 7.970808569821649, 44.665877875312852 ], [ 7.972151257524854, 44.66649190107816 ], [ 7.972790546922546, 44.66667288967556 ], [ 7.972972542207075, 44.666754536244774 ], [ 7.973438266290883, 44.667308826539831 ], [ 7.973320857483444, 44.667633263067586 ], [ 7.973434723253355, 44.667590300813011 ], [ 7.973478141828118, 44.667541141712654 ], [ 7.973638092573949, 44.667471604204557 ], [ 7.973720471376836, 44.667455041882931 ], [ 7.973886583717597, 44.667393031419465 ], [ 7.974069818890117, 44.667259254092812 ], [ 7.974101486503442, 44.667196107429042 ], [ 7.974185173790993, 44.667196877210593 ], [ 7.974252758395688, 44.667129317852826 ], [ 7.97433108747158, 44.667109873944518 ], [ 7.974398782898048, 44.667020277533588 ], [ 7.974513829897755, 44.666934536232027 ], [ 7.974615283118956, 44.666892127510266 ], [ 7.974678915176272, 44.666830474013764 ], [ 7.974807457069564, 44.66675917645096 ], [ 7.974837087742021, 44.666851600383232 ], [ 7.97494671670117, 44.666772597840755 ], [ 7.975059012145339, 44.666714783850047 ], [ 7.975113144273454, 44.666681060425582 ], [ 7.975226845849052, 44.66658280194217 ], [ 7.975279609675446, 44.666558707768026 ], [ 7.975379710435063, 44.666524973578682 ], [ 7.975517658868083, 44.666501805611055 ], [ 7.975620719274515, 44.666370214274373 ], [ 7.975168528682443, 44.666291346884286 ], [ 7.974981602090004, 44.666209016391328 ], [ 7.974869066628032, 44.666113030533829 ], [ 7.974545843114316, 44.665654803312577 ], [ 7.974253398626672, 44.665442231052637 ], [ 7.973921991657701, 44.665346096585665 ], [ 7.973827175927749, 44.66530199690721 ], [ 7.973702238139345, 44.665209913525842 ], [ 7.973604992376076, 44.66507479518036 ], [ 7.973611108632501, 44.664905487283491 ], [ 7.973824502308044, 44.664557607951132 ], [ 7.974543241339188, 44.664573066104587 ], [ 7.975039764294847, 44.664581546620667 ], [ 7.975124994634208, 44.664611938583349 ], [ 7.97525409076119, 44.664697170866496 ], [ 7.975274735788535, 44.664698166340791 ], [ 7.975409767097109, 44.664662044817192 ], [ 7.975446938278136, 44.664660109698858 ], [ 7.975681768509814, 44.664814897651965 ], [ 7.975797252987219, 44.66485510306255 ], [ 7.975873068693926, 44.664827749410236 ], [ 7.97596311501353, 44.664666332967194 ], [ 7.975969076252439, 44.664539109942609 ], [ 7.975872087837665, 44.664332543459579 ], [ 7.97577339296057, 44.664215040720691 ], [ 7.975796666037003, 44.663867638248306 ], [ 7.975754235345762, 44.663800081486087 ], [ 7.975589363441453, 44.663712863383665 ], [ 7.975399584309423, 44.663661854449074 ], [ 7.974989573702291, 44.663605789835316 ], [ 7.974758807389078, 44.663470581211641 ], [ 7.974567505975737, 44.663461643635131 ], [ 7.974327701759124, 44.663540755105842 ], [ 7.974123523222813, 44.663666863766991 ], [ 7.973800668573904, 44.663765174500604 ], [ 7.97289435040306, 44.663658001473678 ], [ 7.970784943591802, 44.663107862911367 ], [ 7.970070540338284, 44.662849351412262 ], [ 7.969833470104643, 44.662703174008634 ], [ 7.970018335180821, 44.662236712226154 ], [ 7.970100874490567, 44.66185034873164 ], [ 7.969844968902928, 44.661343903725793 ], [ 7.969679110330994, 44.660739240796168 ], [ 7.969504312810239, 44.660638633824483 ], [ 7.969363348340429, 44.66076339708156 ], [ 7.969079184236114, 44.661138938255306 ], [ 7.968634744296302, 44.661305969909812 ], [ 7.968005768115924, 44.661210264359582 ], [ 7.967502590013111, 44.661133696527649 ], [ 7.967595032902414, 44.660900465293942 ], [ 7.967803693852566, 44.660515248118173 ], [ 7.967731549726886, 44.660316541067154 ], [ 7.967154147421165, 44.660158274690254 ], [ 7.966641253452934, 44.659919572309526 ], [ 7.966533840780483, 44.659576506200224 ], [ 7.96665278509006, 44.659271495924472 ], [ 7.966982435610532, 44.659175453188247 ], [ 7.96725860070671, 44.659249970579964 ], [ 7.967619359629162, 44.659532308931027 ], [ 7.96781681633479, 44.659777162750956 ], [ 7.967903333970476, 44.659876969888593 ], [ 7.968170731184261, 44.659735347123501 ], [ 7.96851922351479, 44.659288369604333 ], [ 7.96884345329985, 44.658787160680887 ], [ 7.969024644372485, 44.658527723901834 ], [ 7.968938605404182, 44.658400911687835 ], [ 7.968435929024656, 44.65829734685218 ], [ 7.968137745872142, 44.658042582075829 ], [ 7.967858097111705, 44.657454891679322 ], [ 7.967586418652813, 44.657128349989513 ], [ 7.967666084854221, 44.656904004902636 ], [ 7.968299809032728, 44.656729685222579 ], [ 7.968543247576211, 44.656515820836262 ], [ 7.968537991336077, 44.656101659450364 ], [ 7.968352993852072, 44.65586592576733 ], [ 7.968126330875827, 44.655845874151488 ], [ 7.96804794528847, 44.655998206950443 ], [ 7.967943221918411, 44.656213319404642 ], [ 7.967739375394299, 44.656328510567263 ], [ 7.967512710852351, 44.656308457720264 ], [ 7.96741295027523, 44.656244537985238 ], [ 7.966943359383674, 44.655700141531248 ], [ 7.967602166255285, 44.654823855492531 ], [ 7.968188469305817, 44.65447805353174 ], [ 7.969770634011505, 44.654159245342001 ], [ 7.971919903310338, 44.653863530398802 ], [ 7.972815523634803, 44.653853586042253 ], [ 7.974665845110676, 44.654059262920129 ], [ 7.976766640766184, 44.654366188860088 ], [ 7.977026140148401, 44.655385795030021 ], [ 7.977190320409295, 44.6560894580645 ], [ 7.977642034678265, 44.658371133772604 ], [ 7.978630419445773, 44.662413091975154 ], [ 7.979028559334163, 44.663442933974586 ], [ 7.982621838855313, 44.6685794172312 ], [ 7.982849501438626, 44.668545437801804 ], [ 7.986056823561887, 44.667646699615624 ], [ 7.986716667446881, 44.668147695409324 ], [ 7.987733716378012, 44.667697588173866 ], [ 7.989569568793485, 44.666588526669294 ], [ 7.990771285549104, 44.66567190621479 ], [ 7.992322404105318, 44.664245204284697 ], [ 7.993156874370967, 44.663406333971672 ], [ 7.993588183079532, 44.663266096780539 ], [ 7.994859504772498, 44.663421332727204 ], [ 7.995249386050067, 44.663487781349076 ], [ 7.995307150953076, 44.663794371409757 ], [ 7.995201269337605, 44.664081522543754 ], [ 7.994799691217236, 44.664690156680088 ], [ 7.994782717077635, 44.664942077870748 ], [ 7.99490619114001, 44.665096205555585 ], [ 7.995235674231344, 44.665009077116245 ], [ 7.995609844040399, 44.664526235731472 ], [ 7.99607820579623, 44.66370212726428 ], [ 7.996604797565687, 44.663157604684393 ], [ 7.99692336318087, 44.662971350282717 ], [ 7.998009392597456, 44.662899862998074 ], [ 7.9985169743746, 44.662724264300927 ], [ 7.999269304687162, 44.66225372831066 ], [ 7.999968689273223, 44.661926762794216 ], [ 8.001526750170907, 44.661544286189489 ], [ 8.002249328699994, 44.661334542960077 ], [ 8.003151406874098, 44.660955312815297 ], [ 8.003612065074385, 44.660572229569745 ], [ 8.003832173491226, 44.660241057571632 ], [ 8.003918345159716, 44.659629640521921 ], [ 8.003863473629881, 44.659152025825001 ], [ 8.003881022800677, 44.658864100551767 ], [ 8.004025306066232, 44.658541268532026 ], [ 8.004426898668974, 44.657923599528353 ], [ 8.004724508250685, 44.657485069564522 ], [ 8.004765739494045, 44.657287378434937 ], [ 8.004669323680629, 44.657025465320146 ], [ 8.004319823628032, 44.65607715249353 ], [ 8.004739827384226, 44.655855752911329 ], [ 8.005479709716685, 44.655367063172108 ], [ 8.006592215656255, 44.654476493806854 ], [ 8.007332685658703, 44.653951784919222 ], [ 8.007937661811951, 44.653236845482631 ], [ 8.007926433766956, 44.653155721791656 ], [ 8.006734955701871, 44.652767262844222 ], [ 8.005944853344964, 44.652508316921697 ], [ 8.005767395475559, 44.652560787988598 ], [ 8.005574853866994, 44.652757166765035 ], [ 8.005183024862941, 44.652807765402635 ], [ 8.004644663770961, 44.652578013449059 ], [ 8.004045873979686, 44.652194686120112 ], [ 8.003331452332516, 44.651936386704591 ], [ 8.002550739081464, 44.651866552585275 ], [ 8.002394473091815, 44.652153266294171 ], [ 8.001917469714183, 44.652023062767469 ], [ 8.001111075472419, 44.651980004612135 ], [ 8.000431397915071, 44.651902037826076 ], [ 8.000245658327538, 44.651702356660181 ], [ 8.000030680375524, 44.6517364819655 ], [ 7.999626392972155, 44.651777955177828 ], [ 7.998910441596542, 44.651609633521652 ], [ 7.998333198983198, 44.651442528715592 ], [ 7.998011095321583, 44.651106610255539 ], [ 7.997538000149684, 44.650751361762502 ], [ 7.996761817240629, 44.650420454716716 ], [ 7.995808494696441, 44.650123997013836 ], [ 7.995390208683823, 44.650246349113104 ], [ 7.994935655899636, 44.65027836164564 ], [ 7.994537304697555, 44.649977774397151 ], [ 7.994149070432126, 44.649821309641332 ], [ 7.993310967090756, 44.649426815870626 ], [ 7.992633044510441, 44.649249792744023 ], [ 7.991945486715199, 44.648901630851284 ], [ 7.99151756344768, 44.648852838641268 ], [ 7.991405024446114, 44.648797828826389 ], [ 7.990742852009521, 44.648440881978523 ], [ 7.991098711114908, 44.648281983204171 ], [ 7.991713463632593, 44.647738260562015 ], [ 7.992144191294528, 44.647625028961812 ], [ 7.992562614410824, 44.647493683407625 ], [ 7.992578819087953, 44.647286769069787 ], [ 7.992416663502947, 44.6464571046305 ], [ 7.992404245676503, 44.645718789246054 ], [ 7.9927311595078, 44.645046485142259 ], [ 7.993243906669049, 44.644564872052143 ], [ 7.993316615475917, 44.644007358683581 ], [ 7.993766001371295, 44.643543188393359 ], [ 7.994475308716364, 44.64336038242385 ], [ 7.9948790680746, 44.643345933027966 ], [ 7.995456841992991, 44.643477047986863 ], [ 7.996520559667658, 44.643216324626565 ], [ 7.997209143990785, 44.642772250728669 ], [ 7.997518404928086, 44.642387856715551 ], [ 7.997329892236722, 44.641620989682046 ], [ 7.997234781646644, 44.641287061261131 ], [ 7.997344337241294, 44.640783879945971 ], [ 7.998281271355276, 44.639828834363406 ], [ 7.999150945938026, 44.639116256686755 ], [ 7.999907769167151, 44.638366676446807 ], [ 8.000387222883274, 44.637614658938951 ], [ 8.000615996859304, 44.637508633749846 ], [ 8.000917779471596, 44.637556283843573 ], [ 8.001229227991129, 44.637775067697653 ], [ 8.001669221716378, 44.63785093481728 ], [ 8.002504494927882, 44.637669184499103 ], [ 8.003747812355181, 44.637220908273513 ], [ 8.00418074868216, 44.636972612495782 ], [ 8.004313599669638, 44.636577659339984 ], [ 8.0045648372824, 44.635895658517043 ], [ 8.004533959067555, 44.635490275838123 ], [ 8.00449710663227, 44.634697731287119 ], [ 8.004503891192959, 44.634301678736307 ], [ 8.004648101283724, 44.633978843923572 ], [ 8.005315929889379, 44.633264459088863 ], [ 8.005382420277922, 44.633214758608098 ], [ 8.006264405507407, 44.632658476296839 ], [ 8.006693965130507, 44.632559413559868 ], [ 8.006770505311339, 44.632536871693333 ], [ 8.006939284005, 44.632479859318195 ], [ 8.007312191434407, 44.632297083008176 ], [ 8.007355781830999, 44.63226013984395 ], [ 8.007478410054711, 44.631997292237656 ], [ 8.00751439970715, 44.631697984306982 ], [ 8.007518271129147, 44.631663505274247 ], [ 8.007538533534824, 44.631498208378105 ], [ 8.007459300462422, 44.631389673698784 ], [ 8.007386196500212, 44.631248825418233 ], [ 8.007434881655955, 44.631006323436765 ], [ 8.007600391029698, 44.630766199923755 ], [ 8.007631725961099, 44.630720738474771 ], [ 8.007769721904117, 44.62915359667155 ], [ 8.007777874401212, 44.629124400166738 ], [ 8.007810443809461, 44.628995853295699 ], [ 8.007822874059189, 44.628878305247653 ], [ 8.007830433557114, 44.628806817755994 ], [ 8.007839171903173, 44.628779056086216 ], [ 8.007959426770549, 44.628611174828926 ], [ 8.008018852677102, 44.628532706045206 ], [ 8.00813404376799, 44.628379188675474 ], [ 8.008189984697653, 44.628303098331955 ], [ 8.008532697921495, 44.627936858947045 ], [ 8.008541815469387, 44.627901971918746 ], [ 8.008553994269599, 44.627855371365463 ], [ 8.008543539289901, 44.627773002089235 ], [ 8.008525782745009, 44.627633107126442 ], [ 8.008493631409447, 44.627570512685722 ], [ 8.008384258794218, 44.627464964132677 ], [ 8.008344351450585, 44.627426451973513 ], [ 8.008241470617689, 44.627346795434939 ], [ 8.008142332029584, 44.627266032105688 ], [ 8.00790884684101, 44.627264719240479 ], [ 8.007727397820929, 44.627265236645663 ], [ 8.007414349097481, 44.627266128631966 ], [ 8.007186469019738, 44.627270517728498 ], [ 8.007028710659938, 44.627269578124711 ], [ 8.006973566160532, 44.627418238952316 ], [ 8.006914703775504, 44.627576921717818 ], [ 8.006894259761459, 44.627632453015153 ], [ 8.006492943528592, 44.627520951396924 ], [ 8.006432555359796, 44.627512349198426 ], [ 8.005866988842138, 44.627429494095885 ], [ 8.005533375481754, 44.627381655300439 ], [ 8.00512605053107, 44.627323245138435 ], [ 8.00513485375787, 44.627273949634898 ], [ 8.005145928883653, 44.627249634975705 ], [ 8.005157976674649, 44.627210652061564 ], [ 8.005165376738232, 44.627186707724107 ], [ 8.005181969458679, 44.627116006222629 ], [ 8.005192023481769, 44.627070484205248 ], [ 8.005190428052835, 44.626907182781864 ], [ 8.005189311285205, 44.626803162690656 ], [ 8.005184594232585, 44.626654591429968 ], [ 8.005180696873181, 44.626531907528843 ], [ 8.005166686831744, 44.62643150432158 ], [ 8.005174532671193, 44.626342340665481 ], [ 8.005170475339391, 44.626208954138882 ], [ 8.00516959363574, 44.626170240231566 ], [ 8.005173067851183, 44.626111060513317 ], [ 8.005175082807877, 44.626088941676791 ], [ 8.005191585311694, 44.625907787614267 ], [ 8.005193049162729, 44.625834804505516 ], [ 8.005194253152908, 44.625771502042021 ], [ 8.005194059312467, 44.625714779840386 ], [ 8.005188009045343, 44.625693148927773 ], [ 8.005177487597665, 44.625618308788333 ], [ 8.005176698717996, 44.625542008828134 ], [ 8.005173757277142, 44.625415308520104 ], [ 8.00517018095058, 44.625341981991689 ], [ 8.005160826730773, 44.625150751114283 ], [ 8.005151775356532, 44.625006006200678 ], [ 8.005137631222777, 44.624874281953716 ], [ 8.005097316262182, 44.624716555130924 ], [ 8.005081531113595, 44.62467281631541 ], [ 8.005065530124455, 44.624628479362883 ], [ 8.00505417337488, 44.624601244146618 ], [ 8.005015486433704, 44.624514414906209 ], [ 8.004966879788364, 44.624458755934675 ], [ 8.0050638475716, 44.624457152766766 ], [ 8.005485047534135, 44.624468978565837 ], [ 8.005716436728839, 44.624470110087699 ], [ 8.006318918927185, 44.62448777914161 ], [ 8.006395998001084, 44.624490039417076 ], [ 8.00650580900566, 44.624492553757122 ], [ 8.006659085113121, 44.624496080926704 ], [ 8.007051756605719, 44.624505178291415 ], [ 8.006992930728087, 44.62436456547249 ], [ 8.006936620615299, 44.624229965489796 ], [ 8.006889713876499, 44.624092893945019 ], [ 8.006834411840449, 44.623931288707077 ], [ 8.006765998353671, 44.623792597145645 ], [ 8.006744237100129, 44.623739089411586 ], [ 8.00669911399349, 44.623635776887582 ], [ 8.006675103059449, 44.623567023775855 ], [ 8.006659936809477, 44.623547965830717 ], [ 8.006469153064407, 44.623308225304065 ], [ 8.006337629210709, 44.623221634999467 ], [ 8.006281477495362, 44.623083157430621 ], [ 8.006313911372668, 44.623008391898708 ], [ 8.0063388683377, 44.622943102557365 ], [ 8.006375529393418, 44.622845052892991 ], [ 8.006383826549669, 44.622820660299858 ], [ 8.006420885380848, 44.622699949792917 ], [ 8.006439447374275, 44.622675102671074 ], [ 8.006498681923652, 44.622595811019004 ], [ 8.006796518281426, 44.622494632904946 ], [ 8.006977697282698, 44.622433102261745 ], [ 8.007185559324073, 44.622318786683167 ], [ 8.00730127395061, 44.622273222136542 ], [ 8.007340005256632, 44.622242262116629 ], [ 8.007456273827586, 44.62214932210275 ], [ 8.00746632421516, 44.622129433846865 ], [ 8.007533770754508, 44.621977008544285 ], [ 8.007578320189072, 44.621876328911448 ], [ 8.007587654463377, 44.62180444609637 ], [ 8.007541866486854, 44.621581630096486 ], [ 8.007487851299574, 44.621434229387148 ], [ 8.007477733305876, 44.621195771486065 ], [ 8.007470376311923, 44.62102238303639 ], [ 8.007412363023525, 44.620859297723484 ], [ 8.007404124582356, 44.620832125155694 ], [ 8.007384393617897, 44.620703573119187 ], [ 8.00737806893618, 44.620662366163728 ], [ 8.007374827931388, 44.620599950323367 ], [ 8.007376040744413, 44.620577818261822 ], [ 8.007383654428116, 44.620438879236509 ], [ 8.007562580275279, 44.620248012753521 ], [ 8.007611937070354, 44.620220995092133 ], [ 8.007813429896755, 44.620110698446346 ], [ 8.008161797871839, 44.620067090894636 ], [ 8.008301725727129, 44.620049574869896 ], [ 8.008647538778972, 44.62001378129321 ], [ 8.008676453890217, 44.62000610795981 ], [ 8.008719310638543, 44.619998892910758 ], [ 8.009017889092178, 44.619916487376393 ], [ 8.009449479659903, 44.619817856203824 ], [ 8.009556327030172, 44.619791690770768 ], [ 8.009601616792004, 44.619779019079694 ], [ 8.00988357539736, 44.619688764981689 ], [ 8.009961262306335, 44.619609586050515 ], [ 8.009980517935785, 44.619589960563466 ], [ 8.010035156860923, 44.619551342589503 ], [ 8.010057807694123, 44.619531887150075 ], [ 8.010200529567829, 44.619411029101499 ], [ 8.010222016954883, 44.619393221296797 ], [ 8.010352363774061, 44.619311121499656 ], [ 8.010509233115807, 44.619190925045942 ], [ 8.010559298482361, 44.619161340530212 ], [ 8.010695904340695, 44.619055295346179 ], [ 8.010837115975026, 44.61895402506989 ], [ 8.011016374140663, 44.618819173748676 ], [ 8.011196042402966, 44.618684013002394 ], [ 8.011282653556, 44.61854293840323 ], [ 8.011327114524331, 44.618391443243716 ], [ 8.011365553304367, 44.618260467261642 ], [ 8.011349791194871, 44.618208232749595 ], [ 8.011331439263492, 44.618147415633878 ], [ 8.011282386687414, 44.618090256267678 ], [ 8.011174897951994, 44.61804189487237 ], [ 8.01109788534913, 44.618025224454705 ], [ 8.011045235327551, 44.618013827611406 ], [ 8.010896773270204, 44.618057852176896 ], [ 8.0107052632516, 44.618114641691086 ], [ 8.010325775793087, 44.618198073664594 ], [ 8.010286641684722, 44.61820667738337 ], [ 8.010140954331998, 44.618249659036088 ], [ 8.009919915672604, 44.618272565908718 ], [ 8.009758059742879, 44.618198146097157 ], [ 8.009732729917229, 44.618186499647265 ], [ 8.009645275355554, 44.618127767453835 ], [ 8.009458278789527, 44.618015679073366 ], [ 8.009401132613535, 44.617904941649371 ], [ 8.009315267067008, 44.617738551214131 ], [ 8.009308616802425, 44.617519219577936 ], [ 8.009333094977336, 44.617309688866158 ], [ 8.009457687065082, 44.61707243941936 ], [ 8.009545403000983, 44.617011404422598 ], [ 8.009628665063035, 44.616833143816208 ], [ 8.009636129617792, 44.616636311338759 ], [ 8.009642346719435, 44.616548002225763 ], [ 8.009641519490982, 44.61649106128489 ], [ 8.009647404154151, 44.61643536677223 ], [ 8.009651260820682, 44.616361095820743 ], [ 8.009661886762093, 44.616296913281225 ], [ 8.009677798035002, 44.616188765676 ], [ 8.009683672558621, 44.616148836916452 ], [ 8.00967558760343, 44.61601505526982 ], [ 8.009692689336807, 44.615855557862211 ], [ 8.009704019482337, 44.615749888000202 ], [ 8.009716478204249, 44.615633692061898 ], [ 8.009795998194479, 44.615523939931002 ], [ 8.009811186174499, 44.615502977686376 ], [ 8.009985707763448, 44.615364746765934 ], [ 8.010004088863163, 44.615306896602249 ], [ 8.010203877297853, 44.615193305759249 ], [ 8.01036638130112, 44.61511973279994 ], [ 8.010615806882683, 44.615006805667328 ], [ 8.010758810293883, 44.614942060597699 ], [ 8.010838243686658, 44.614900527387221 ], [ 8.010984802292036, 44.614827190348883 ], [ 8.011593549780939, 44.614595231276361 ], [ 8.011741941351238, 44.614567437828775 ], [ 8.011738491006149, 44.614516000524553 ], [ 8.011733634263864, 44.614445566291529 ], [ 8.011724068653455, 44.61437624386236 ], [ 8.011703625327254, 44.614316464831262 ], [ 8.011502288047282, 44.614226077732617 ], [ 8.011001132208136, 44.613786189145181 ], [ 8.010885146497666, 44.61332806530028 ], [ 8.010805335241983, 44.613088777724528 ], [ 8.010783925392442, 44.613024587056337 ], [ 8.010739239927203, 44.61289605160367 ], [ 8.010686736400626, 44.612400820926084 ], [ 8.010639686159578, 44.612299601144308 ], [ 8.010259308964862, 44.611626993725999 ], [ 8.010020159867311, 44.611442411513266 ], [ 8.009808972755302, 44.611451536552302 ], [ 8.009750367095647, 44.611454068734233 ], [ 8.009707418245142, 44.611446276534245 ], [ 8.00946876247513, 44.611402976941825 ], [ 8.009152892428219, 44.611345667410035 ], [ 8.008804102547185, 44.611341249078812 ], [ 8.008563754895723, 44.611229885630365 ], [ 8.008445646238306, 44.611101176349827 ], [ 8.008288605105005, 44.611006154845725 ], [ 8.008165572203911, 44.610838189034105 ], [ 8.008105423798453, 44.61081470931682 ], [ 8.00808427837968, 44.610806454913885 ], [ 8.00797803090153, 44.610867086824435 ], [ 8.007762243391243, 44.610736510362798 ], [ 8.007689385154679, 44.610588200026768 ], [ 8.00760157139076, 44.610495000932168 ], [ 8.007439514066354, 44.610469305402816 ], [ 8.007356293840663, 44.610456110049661 ], [ 8.007257898337842, 44.610422498192179 ], [ 8.007185380700719, 44.610397726122642 ], [ 8.007076173803172, 44.610360423977397 ], [ 8.007041687505346, 44.610339938906364 ], [ 8.006893276356561, 44.610251781497794 ], [ 8.00681821477707, 44.610162438143625 ], [ 8.006658246153927, 44.61012193346685 ], [ 8.006562897335593, 44.610075112375128 ], [ 8.006523563927935, 44.610055954302517 ], [ 8.006276030606307, 44.609985931428383 ], [ 8.006098084880886, 44.609841370269599 ], [ 8.006011043466769, 44.609695923967983 ], [ 8.005886727542901, 44.609553489782279 ], [ 8.005841167971511, 44.609534368562493 ], [ 8.005738640157755, 44.609427556731895 ], [ 8.005633402379976, 44.609304702497234 ], [ 8.005496760199343, 44.609178802667977 ], [ 8.005490900539955, 44.609157292220033 ], [ 8.005476161369106, 44.609142459007948 ], [ 8.0054105859241, 44.609076465054038 ], [ 8.005275521104187, 44.609005494370415 ], [ 8.005249057470879, 44.608983212903603 ], [ 8.005181893633912, 44.608939094680757 ], [ 8.005151784393075, 44.608914745062535 ], [ 8.005065626196094, 44.608871962212184 ], [ 8.005070330870655, 44.60880141866118 ], [ 8.005072162414541, 44.60877395579309 ], [ 8.00505158233743, 44.60875452253709 ], [ 8.005036209269788, 44.60874000612008 ], [ 8.00498723720527, 44.608729453302168 ], [ 8.00489340441051, 44.608709233534128 ], [ 8.004859585269156, 44.608699778723548 ], [ 8.004798082738983, 44.60863981063104 ], [ 8.0046899665317, 44.608587776484825 ], [ 8.004651472385232, 44.608548159664124 ], [ 8.004641870433268, 44.608536090596303 ], [ 8.004643030181198, 44.608407668738295 ], [ 8.004554589299987, 44.60832822398207 ], [ 8.004523256097656, 44.60828105087942 ], [ 8.004546747820429, 44.608224512473512 ], [ 8.00448891825687, 44.608148801317377 ], [ 8.00446899546081, 44.608121055483963 ], [ 8.004437056942674, 44.608054195331974 ], [ 8.004424961023368, 44.608028873670719 ], [ 8.004344824084479, 44.607919251631827 ], [ 8.004280777956334, 44.607810533024704 ], [ 8.004238292975463, 44.607771123846028 ], [ 8.004151068399393, 44.607690213887324 ], [ 8.004058160191898, 44.60750627934862 ], [ 8.004032156699788, 44.607437895302859 ], [ 8.00394431798297, 44.607377615085227 ], [ 8.003789532057633, 44.607271391195532 ], [ 8.003784343814855, 44.607185657328714 ], [ 8.00377770956521, 44.607161197948535 ], [ 8.003686388891627, 44.607084767306205 ], [ 8.00373840298438, 44.60703276370549 ], [ 8.003683978267615, 44.606954128597039 ], [ 8.00357958438094, 44.606783841837981 ], [ 8.003568428428903, 44.606728210262219 ], [ 8.003552288441229, 44.60664772452877 ], [ 8.003546342895559, 44.606610274331764 ], [ 8.003519740722037, 44.606541548091059 ], [ 8.00351019374237, 44.606504112585554 ], [ 8.003482822709097, 44.606454072990211 ], [ 8.003468960637784, 44.606418549379967 ], [ 8.003446543368247, 44.6063611017141 ], [ 8.003449890675732, 44.606338808027068 ], [ 8.003421969114774, 44.606278670093737 ], [ 8.003418920840115, 44.606217611240929 ], [ 8.003351129828191, 44.605961367419077 ], [ 8.003343859463902, 44.605933885975105 ], [ 8.00336397369496, 44.605874449428192 ], [ 8.003388726268179, 44.605779043649434 ], [ 8.003503385499988, 44.605713610390232 ], [ 8.003537529481925, 44.605700143409969 ], [ 8.003604518364735, 44.605653857879503 ], [ 8.003691434331992, 44.605601781969753 ], [ 8.003709566155042, 44.60554561805661 ], [ 8.003845698035809, 44.605463297982133 ], [ 8.00391325233597, 44.605422447189852 ], [ 8.003932806371965, 44.605410519785579 ], [ 8.003987572294568, 44.605266174459075 ], [ 8.00407588814436, 44.605216630374208 ], [ 8.004215958042302, 44.605156509853217 ], [ 8.004413733641011, 44.605104452822324 ], [ 8.004420097797475, 44.60505547452896 ], [ 8.004438000946825, 44.604917692132446 ], [ 8.00453643834758, 44.604878292682024 ], [ 8.004553769227256, 44.604842901577797 ], [ 8.004583113751449, 44.604782977501287 ], [ 8.004608471757217, 44.60475219901442 ], [ 8.004651260161358, 44.604671802717995 ], [ 8.004780704731893, 44.604590816198687 ], [ 8.004796165926795, 44.604575854115538 ], [ 8.004837879112385, 44.604540334976853 ], [ 8.005002190002561, 44.60437243026918 ], [ 8.005140158251074, 44.604321136064833 ], [ 8.005157324848549, 44.604285007320364 ], [ 8.005250004866619, 44.60408995252962 ], [ 8.005269220823564, 44.604039987752465 ], [ 8.005287090008235, 44.603992668904809 ], [ 8.005328426669331, 44.603883206228353 ], [ 8.005336271581545, 44.603861195430774 ], [ 8.00558167980976, 44.603741895167083 ], [ 8.005608563578967, 44.603655068563583 ], [ 8.005618520749518, 44.603636973545122 ], [ 8.00571050677156, 44.603475225862177 ], [ 8.005906313319151, 44.603357738326586 ], [ 8.00611146827158, 44.603234640698524 ], [ 8.006147950445161, 44.603213688097412 ], [ 8.006310301656445, 44.603086333010722 ], [ 8.006331938988206, 44.603075024553938 ], [ 8.006541134866637, 44.602957024624033 ], [ 8.006754825292349, 44.602870909612975 ], [ 8.006832799008849, 44.602839486854933 ], [ 8.006959493781206, 44.602669439402796 ], [ 8.006885852106992, 44.602466856918191 ], [ 8.006902022339016, 44.602423516184679 ], [ 8.006797069464801, 44.602197821077993 ], [ 8.006786567335443, 44.602159638093099 ], [ 8.006795928970414, 44.602072336386598 ], [ 8.006877487712018, 44.601991453157325 ], [ 8.006897724348407, 44.601944064422213 ], [ 8.006945802550673, 44.601916668272864 ], [ 8.006947263565047, 44.601892314376222 ], [ 8.00694325652411, 44.601757840259197 ], [ 8.006942007938473, 44.601715938313447 ], [ 8.00694931371933, 44.601609888378441 ], [ 8.006941172569642, 44.601509219503306 ], [ 8.006940127253888, 44.60147652617853 ], [ 8.006938512404544, 44.601365991878978 ], [ 8.006938491576649, 44.601240526120925 ], [ 8.006938487987631, 44.601218908955161 ], [ 8.006944612897902, 44.601057553512867 ], [ 8.006954344707681, 44.600801175162303 ], [ 8.006748824183358, 44.600741309751115 ], [ 8.00662425602272, 44.60070502445393 ], [ 8.006547460148553, 44.600691540765013 ], [ 8.006397594574024, 44.600570972184045 ], [ 8.006265123051527, 44.600411308282666 ], [ 8.006202258131948, 44.600363308753273 ], [ 8.006044765911096, 44.600108400413546 ], [ 8.006023790868186, 44.6000786477235 ], [ 8.006017429523588, 44.600049323894865 ], [ 8.006018211972293, 44.600029592414309 ], [ 8.006007419704654, 44.600003171439418 ], [ 8.006000399320342, 44.599970797482982 ], [ 8.006002699530033, 44.599938321117648 ], [ 8.006002165009246, 44.599888215903086 ], [ 8.006000104140879, 44.599862138926596 ], [ 8.005998107080529, 44.599836733506542 ], [ 8.005991306909396, 44.599750216956359 ], [ 8.006005664509713, 44.599668603782703 ], [ 8.006009024098606, 44.599649594864964 ], [ 8.006023652518948, 44.59956658994691 ], [ 8.006032816209375, 44.599514710604375 ], [ 8.006039252209566, 44.599478325168242 ], [ 8.006069443295933, 44.599333164999969 ], [ 8.006077087708119, 44.59928939059855 ], [ 8.00609983610747, 44.599216533727159 ], [ 8.00610903841528, 44.599193563688161 ], [ 8.00622021144285, 44.598962505266677 ], [ 8.006340512185817, 44.598660044214 ], [ 8.006342013933329, 44.598617319815475 ], [ 8.006342856039279, 44.5985933620452 ], [ 8.006371171035008, 44.59852986023769 ], [ 8.006454994629745, 44.598297051196553 ], [ 8.006479026658235, 44.598230305024167 ], [ 8.006505748222317, 44.598198329017073 ], [ 8.006530097156499, 44.598156261334132 ], [ 8.006619719143655, 44.597928318211657 ], [ 8.006631847862861, 44.59790375499189 ], [ 8.006662316852218, 44.597760158456687 ], [ 8.006677471489068, 44.597758244608805 ], [ 8.006749854426396, 44.597746868586114 ], [ 8.006823164199037, 44.597734974460735 ], [ 8.007233993979053, 44.59768635530363 ], [ 8.007466012436026, 44.597656424454613 ], [ 8.007825921224116, 44.597614445422344 ], [ 8.007919847378703, 44.597291036795852 ], [ 8.007953505622011, 44.597160413310789 ], [ 8.007645092136634, 44.596996721443141 ], [ 8.007877934314655, 44.596809343134879 ], [ 8.008081525084831, 44.596649508348854 ], [ 8.008269669795032, 44.596490238473343 ], [ 8.008307297597105, 44.596459223286963 ], [ 8.008450511765142, 44.596401923171456 ], [ 8.008826010433859, 44.596251684423237 ], [ 8.009053893073709, 44.59616050654153 ], [ 8.009095929950094, 44.596143687129995 ], [ 8.009700230970438, 44.595888142899611 ], [ 8.009666268096051, 44.595818794436347 ], [ 8.009678782307288, 44.595680723192345 ], [ 8.009690349779007, 44.595553096830834 ], [ 8.009603506360701, 44.59539911951493 ], [ 8.009575535661602, 44.595241991787525 ], [ 8.009578486355293, 44.595221963645507 ], [ 8.009551213063418, 44.595031880992316 ], [ 8.009494811864071, 44.594896868510709 ], [ 8.009435214622487, 44.594794898123688 ], [ 8.009418298528713, 44.594723843823161 ], [ 8.009346766303464, 44.594662486166932 ], [ 8.009332682364143, 44.594623658313964 ], [ 8.009272148694883, 44.594456773129679 ], [ 8.00925199527993, 44.594427748576585 ], [ 8.009229161269987, 44.594397895125731 ], [ 8.009203541705565, 44.594373704023056 ], [ 8.009033996976195, 44.594227804135002 ], [ 8.008990507711504, 44.594099561056758 ], [ 8.009026482432853, 44.593992011446161 ], [ 8.008999833356608, 44.593942804363003 ], [ 8.008976144568651, 44.59392663930609 ], [ 8.008740612038332, 44.593765912866196 ], [ 8.008726497696882, 44.593666811466449 ], [ 8.008718158909614, 44.593588094520044 ], [ 8.008674291959128, 44.59355257032481 ], [ 8.008614821037474, 44.593501429162707 ], [ 8.008546294755055, 44.593400447001983 ], [ 8.008390404932992, 44.593288483688873 ], [ 8.008364321301855, 44.593261871112901 ], [ 8.008247796499711, 44.593136507448605 ], [ 8.008129914328737, 44.593093283983848 ], [ 8.008144587297071, 44.592989144710195 ], [ 8.008185316471906, 44.59289647810121 ], [ 8.00816816944103, 44.592839882011248 ], [ 8.008151582412086, 44.592785134178882 ], [ 8.008156418477695, 44.592681818438656 ], [ 8.008087784150508, 44.592615044617055 ], [ 8.008034459852697, 44.592481338508392 ], [ 8.007950553822697, 44.592439188809792 ], [ 8.007820706324891, 44.592399012803831 ], [ 8.007580677989353, 44.592324745304083 ], [ 8.007488607319756, 44.592237861338717 ], [ 8.007420494109445, 44.592196190323882 ], [ 8.007280572137041, 44.592118667522371 ], [ 8.00725025603688, 44.592102397586693 ], [ 8.007049629725918, 44.592038215631959 ], [ 8.006978903657206, 44.592048582653561 ], [ 8.00688052272476, 44.591967982297923 ], [ 8.006736102657879, 44.591895096942665 ], [ 8.006680627857076, 44.591806246357734 ], [ 8.006651178947751, 44.591767077599997 ], [ 8.006625398334801, 44.591732787840236 ], [ 8.006559379249584, 44.591679943417873 ], [ 8.006498760594516, 44.591666086917947 ], [ 8.006404675970733, 44.591603071528233 ], [ 8.006312793343517, 44.591412240214879 ], [ 8.006331048825173, 44.591386841359878 ], [ 8.006363788984551, 44.591341289906211 ], [ 8.006354548319987, 44.591314894775309 ], [ 8.006320252730228, 44.591216932283096 ], [ 8.006286769705556, 44.591197898545701 ], [ 8.006204620214124, 44.591163698631398 ], [ 8.006038728807015, 44.59115351094691 ], [ 8.005981585406479, 44.591124696306665 ], [ 8.00567828054518, 44.590814791333763 ], [ 8.005501782334546, 44.590813150140121 ], [ 8.005185714393482, 44.590810210455786 ], [ 8.005044653279501, 44.590530354895101 ], [ 8.004970101602837, 44.590411024557419 ], [ 8.005077161919344, 44.590273106409462 ], [ 8.005200816065029, 44.590056214990497 ], [ 8.0053305006639, 44.589851650359748 ], [ 8.005535502409407, 44.589528277086053 ], [ 8.005673598065115, 44.589310440354055 ], [ 8.005738709091226, 44.589115000172235 ], [ 8.005799705793683, 44.588953016634029 ], [ 8.005906137895495, 44.588701760962714 ], [ 8.005952851913765, 44.588578931145982 ], [ 8.006000723155291, 44.588456746359924 ], [ 8.006012064735033, 44.588427811031444 ], [ 8.006025345296271, 44.588393764733915 ], [ 8.006039442939123, 44.588323094785146 ], [ 8.006058171534731, 44.588269039793623 ], [ 8.006062755362821, 44.588237842885974 ], [ 8.005946567730426, 44.588223572455675 ], [ 8.005885288920704, 44.588196978934398 ], [ 8.005859495308195, 44.588178894943894 ], [ 8.00576448071793, 44.588107884908773 ], [ 8.00573245717017, 44.588082663193461 ], [ 8.005709193474949, 44.588073041279387 ], [ 8.005652401216508, 44.58804415352666 ], [ 8.00561662144945, 44.588033454452251 ], [ 8.005517156032811, 44.58799464646556 ], [ 8.005434175503581, 44.587964261221423 ], [ 8.005366818315524, 44.587895669569185 ], [ 8.005333746398467, 44.587861987165482 ], [ 8.005225293846657, 44.587719181786305 ], [ 8.005143353438774, 44.587702723102289 ], [ 8.005104516967091, 44.587678048685206 ], [ 8.005091036309766, 44.587648905694543 ], [ 8.005012103109717, 44.587594976431802 ], [ 8.004985253488108, 44.587576632020827 ], [ 8.004641482179354, 44.58738873941153 ], [ 8.00452630113076, 44.587323334501875 ], [ 8.004453889538556, 44.587244681462877 ], [ 8.004419862723248, 44.587207721650813 ], [ 8.004179968174013, 44.586965775325019 ], [ 8.004037674678417, 44.586748898669008 ], [ 8.003942136019777, 44.586609980357153 ], [ 8.003920962739754, 44.58657942827638 ], [ 8.003899698211494, 44.586555286335141 ], [ 8.003752488598217, 44.586386508218254 ], [ 8.003732433844386, 44.586363998820964 ], [ 8.00362491743555, 44.586234080532741 ], [ 8.003482445754107, 44.5863225191152 ], [ 8.003398276276924, 44.586327637421796 ], [ 8.003199864822534, 44.586339702480366 ], [ 8.003014335719929, 44.586414406759623 ], [ 8.002941821807129, 44.586425275266386 ], [ 8.002874016046718, 44.586435438061912 ], [ 8.002724628183609, 44.586415480057113 ], [ 8.002651885427873, 44.586388639010089 ], [ 8.002600243784091, 44.586369583931663 ], [ 8.002498236885478, 44.586383952302107 ], [ 8.002425466997922, 44.58644734782257 ], [ 8.002409079078721, 44.586461624590441 ], [ 8.002285393734462, 44.586492965978856 ], [ 8.002208073356647, 44.586483819212383 ], [ 8.002101973671984, 44.586499623192545 ], [ 8.001970007004743, 44.586564127291076 ], [ 8.001835198830667, 44.586630019984597 ], [ 8.001801748216096, 44.586634565302759 ], [ 8.001750425504186, 44.586612599934867 ], [ 8.001741287641579, 44.586584314416804 ], [ 8.001723153798482, 44.586457567152316 ], [ 8.001660594480873, 44.586436954423348 ], [ 8.001496840271775, 44.586442043338018 ], [ 8.001443505448215, 44.586446714982301 ], [ 8.001367970572668, 44.586437104807288 ], [ 8.001224304929158, 44.586472548641282 ], [ 8.001174209130426, 44.586484883015032 ], [ 8.001042539088823, 44.586517302120392 ], [ 8.000969965768725, 44.586515067630543 ], [ 8.00093513965815, 44.586451109283317 ], [ 8.000859877145547, 44.586417400433561 ], [ 8.000818961513069, 44.586405401275869 ], [ 8.000735639237146, 44.586418344122123 ], [ 8.000656466672311, 44.586458352084399 ], [ 8.000612807862066, 44.586544997892652 ], [ 8.000652222688524, 44.586639370171454 ], [ 8.00063830523062, 44.586657165724404 ], [ 8.000606082463806, 44.586712980174838 ], [ 8.000491861360562, 44.586715446417799 ], [ 8.000381638217995, 44.586682452649356 ], [ 8.000277152122754, 44.586702495806335 ], [ 8.000197718659456, 44.586839063965421 ], [ 8.000095386793355, 44.586853628900315 ], [ 7.999985836180403, 44.586833286016414 ], [ 7.999942257752765, 44.586801466361692 ], [ 7.999873684276328, 44.586751395972065 ], [ 7.999830845175667, 44.586683265342593 ], [ 7.999764181333276, 44.586663617938036 ], [ 7.999644856852568, 44.586657091278099 ], [ 7.999591005820088, 44.586679806742637 ], [ 7.999545991901383, 44.58672555338304 ], [ 7.99957531109433, 44.586753899009729 ], [ 7.999591778724642, 44.586804064303884 ], [ 7.999558039469775, 44.586827290881935 ], [ 7.999476731312053, 44.586845896699351 ], [ 7.999391771834953, 44.586822893264028 ], [ 7.999314108920327, 44.586823823703455 ], [ 7.999240810702539, 44.586848536419652 ], [ 7.999229376639716, 44.586881025293991 ], [ 7.9991123590761, 44.587032834967026 ], [ 7.99900057690235, 44.587078805876395 ], [ 7.998907913931266, 44.587080710732231 ], [ 7.998870247463644, 44.587026724820248 ], [ 7.998818886593477, 44.586989003768878 ], [ 7.998758248543766, 44.586971753784702 ], [ 7.998447453823322, 44.587071694449563 ], [ 7.998484503181554, 44.586518043112022 ], [ 7.998193972385045, 44.586079050765058 ], [ 7.998226729416302, 44.586058308133481 ], [ 7.99828570610163, 44.58603804755208 ], [ 7.997980341726749, 44.585606252598019 ], [ 7.997814756919923, 44.585421048340194 ], [ 7.997761608026242, 44.584988566994504 ], [ 7.997662960308218, 44.584799367617755 ], [ 7.997377020454862, 44.58451918255647 ], [ 7.997417388748921, 44.584498254901931 ], [ 7.997295729309541, 44.584438679125967 ], [ 7.997235066259954, 44.584371725572517 ], [ 7.997111471480371, 44.58416904587029 ], [ 7.997045195500392, 44.584107669523497 ], [ 7.996825254724666, 44.584015153928405 ], [ 7.996534145564086, 44.583823551551212 ], [ 7.996063363639495, 44.583618287636611 ], [ 7.995538872365191, 44.583329599759111 ], [ 7.995164347246774, 44.583180094354034 ], [ 7.995009902108508, 44.58315661989608 ], [ 7.993892973748382, 44.582299906167144 ], [ 7.993265897793766, 44.582141336905352 ], [ 7.99181677591222, 44.581444364949498 ], [ 7.99151685350834, 44.58130667772442 ], [ 7.990505296830638, 44.580802603269355 ], [ 7.990265537733486, 44.58082749422843 ], [ 7.990153859659276, 44.580915189852668 ], [ 7.990108776480548, 44.580770129241138 ], [ 7.990217722736006, 44.58064639803851 ], [ 7.989876912350838, 44.580302582816572 ], [ 7.989797084301935, 44.580259267544164 ], [ 7.989458042338111, 44.580125577653021 ], [ 7.989338854152628, 44.580085757860623 ], [ 7.989056947470757, 44.580040914607551 ], [ 7.988833416269959, 44.580023433204353 ], [ 7.988748685594588, 44.580027571342455 ], [ 7.988475466718691, 44.579919776597031 ], [ 7.98824930918703, 44.579861300095189 ], [ 7.988034473787474, 44.579843615086794 ], [ 7.98781326978026, 44.579915664853637 ], [ 7.987549780221887, 44.579857783344757 ], [ 7.987219633435231, 44.579752685799313 ], [ 7.986710629852297, 44.579513050524291 ], [ 7.986576674764962, 44.579420728871533 ], [ 7.986244192634063, 44.579032756021554 ], [ 7.986036439582366, 44.578827390514228 ], [ 7.985767406616064, 44.578476539010936 ], [ 7.985739387519375, 44.578390666711655 ], [ 7.985734124192185, 44.578236252872479 ], [ 7.985584733123264, 44.57808659060214 ], [ 7.985493413976912, 44.577875083211282 ], [ 7.985361789442127, 44.577475270939559 ], [ 7.985208595543844, 44.577336575515929 ], [ 7.984796221444475, 44.577461458163626 ], [ 7.984760461036065, 44.577442720998853 ], [ 7.984497338749167, 44.577465858845905 ], [ 7.98412260948002, 44.577347041057493 ], [ 7.984148319401977, 44.577404778192388 ], [ 7.98383624984449, 44.577311525968248 ], [ 7.983191868483783, 44.577372418490583 ], [ 7.98321833626328, 44.577398905649368 ], [ 7.981609085223358, 44.577582037923506 ], [ 7.981557040358677, 44.57754666182548 ], [ 7.98130282849532, 44.577573724873218 ], [ 7.981236313831941, 44.5776875182152 ], [ 7.982170142778689, 44.579162189935644 ], [ 7.982299076660967, 44.579712492865177 ], [ 7.981829954060165, 44.580608561269095 ], [ 7.981625144504829, 44.580795790739636 ], [ 7.980722763743369, 44.581255871495841 ], [ 7.980375464755698, 44.581666885827993 ], [ 7.979780534398428, 44.581832624184145 ], [ 7.977677274389807, 44.581813815273819 ], [ 7.977184197045946, 44.581917428688101 ], [ 7.97677516293478, 44.58225586317009 ], [ 7.976284298337865, 44.582233460061794 ], [ 7.975817584633281, 44.581554084724289 ], [ 7.973854874124315, 44.580708236578147 ], [ 7.972553504625906, 44.5802194025988 ], [ 7.97200127179636, 44.580106404410706 ], [ 7.971634139910657, 44.5802111275366 ], [ 7.969574805105577, 44.581984071620667 ], [ 7.969087293977029, 44.582483801605896 ], [ 7.968639154222291, 44.582893874382513 ], [ 7.967983597866721, 44.582923964655059 ], [ 7.967844898292149, 44.58293171315011 ], [ 7.965945676134986, 44.582770495638954 ], [ 7.964386673257271, 44.582603325674647 ], [ 7.963127225211905, 44.582591897601375 ], [ 7.962021640471638, 44.582428811201829 ], [ 7.961082680193773, 44.58210519425819 ], [ 7.96091246026887, 44.581761551583512 ], [ 7.960518123439717, 44.581271823229429 ], [ 7.95921363753341, 44.580962862544837 ], [ 7.958426005585189, 44.580631586920184 ], [ 7.958041229333214, 44.580312988783099 ], [ 7.957807101088657, 44.580022770217262 ], [ 7.957626893015878, 44.579534990286128 ], [ 7.957223384362914, 44.578856115590305 ], [ 7.956726416131617, 44.578473469876648 ], [ 7.955761712770514, 44.578185572565282 ], [ 7.955185159882499, 44.578027256055421 ], [ 7.954772323580056, 44.577870435172208 ], [ 7.954513513183013, 44.577552977847411 ], [ 7.954376121977086, 44.577488701398572 ], [ 7.953961509972008, 44.577430887870491 ], [ 7.952609006079078, 44.577697571681156 ], [ 7.951110647639097, 44.578368008095531 ], [ 7.949963085482763, 44.579140672673709 ], [ 7.94957023611841, 44.57927209436982 ], [ 7.947427465011925, 44.57935137288996 ], [ 7.946483403513503, 44.579315652487082 ], [ 7.945895560832354, 44.579085159794168 ], [ 7.94533845462305, 44.578548857123018 ], [ 7.945205209370314, 44.578400997033576 ], [ 7.945160001218691, 44.578360689080995 ], [ 7.94515472128455, 44.578343400390743 ], [ 7.945166042713195, 44.578328893793341 ], [ 7.945221789795224, 44.578296261236659 ], [ 7.945241244399273, 44.578268722009518 ], [ 7.945242413736179, 44.578197046744073 ], [ 7.945224670370344, 44.578086859136725 ], [ 7.945238741004569, 44.577933452185178 ], [ 7.945188593136108, 44.577855665929874 ], [ 7.94503038074682, 44.577767077617168 ], [ 7.945025782812797, 44.577744816797995 ], [ 7.94498395740228, 44.577294607956134 ], [ 7.945056002481143, 44.577202995428244 ], [ 7.944904045126242, 44.577073459721959 ], [ 7.944880541660322, 44.576910503083944 ], [ 7.944680629579638, 44.57688244039575 ], [ 7.944686457806211, 44.576676524410004 ], [ 7.94445953733383, 44.576434994826656 ], [ 7.944356067420407, 44.576417518700531 ], [ 7.944311202816131, 44.57642237948091 ], [ 7.94425372689729, 44.576387053206709 ], [ 7.944090076783024, 44.576343804271652 ], [ 7.944011746766781, 44.576290585185362 ], [ 7.943963061400595, 44.576033652501543 ], [ 7.94391101739265, 44.5759969278133 ], [ 7.943925218129416, 44.575213834645709 ], [ 7.943758789823468, 44.574845404178404 ], [ 7.943762143064995, 44.574757579063643 ], [ 7.943825038622821, 44.574739714489219 ], [ 7.943884991897728, 44.574641555710336 ], [ 7.943902283143268, 44.574604075849628 ], [ 7.943880703867291, 44.574467919395047 ], [ 7.943702627898337, 44.574476022211222 ], [ 7.94323853901097, 44.574248023681605 ], [ 7.943058763917949, 44.574189346669023 ], [ 7.942884538893113, 44.573991198824757 ], [ 7.942632812035168, 44.573773976902814 ], [ 7.942372822378237, 44.573607614475044 ], [ 7.942312351328648, 44.573551526535212 ], [ 7.942275534658325, 44.57350023096086 ], [ 7.942295485058942, 44.57346964493167 ], [ 7.942158912963752, 44.573328317851953 ], [ 7.941885185982617, 44.573213339799885 ], [ 7.941657667021792, 44.57299922982223 ], [ 7.941360532625316, 44.572661228777392 ], [ 7.940900832341796, 44.57243212703996 ], [ 7.940655521758585, 44.572181371588506 ], [ 7.940262432952368, 44.572150986894329 ], [ 7.939917814084638, 44.572199994399028 ], [ 7.939652354931099, 44.572103245923323 ], [ 7.93935673841343, 44.572098349138038 ], [ 7.939164240769179, 44.572082625153186 ], [ 7.938922426151751, 44.572134619162782 ], [ 7.938973778376965, 44.572223024469039 ], [ 7.93892835274299, 44.572420956227134 ], [ 7.938790983583867, 44.572439683535748 ], [ 7.938589473516732, 44.572568321201643 ], [ 7.938314909442964, 44.572749067254449 ], [ 7.937968676447211, 44.573087947014209 ], [ 7.937384978909474, 44.573325580550296 ], [ 7.936889596433805, 44.573555031263972 ], [ 7.936434610933322, 44.573640814827918 ], [ 7.936016913726538, 44.573753954600257 ], [ 7.935470819647955, 44.574000935265829 ], [ 7.935135669876811, 44.574420927658849 ], [ 7.934851218753806, 44.574823387918379 ], [ 7.934806363300171, 44.575210078503801 ], [ 7.934742732796941, 44.576622895247951 ], [ 7.934660993985111, 44.577648424696925 ], [ 7.934641435462598, 44.577963306753162 ], [ 7.934357604192499, 44.577954977955052 ], [ 7.933981123727762, 44.57791811874457 ], [ 7.933914783247059, 44.578402602908945 ], [ 7.934128722696028, 44.580578296349302 ], [ 7.93405084706174, 44.580703601941828 ], [ 7.933734019134855, 44.580808672694737 ], [ 7.933076971066408, 44.580919566528436 ], [ 7.932482564761774, 44.58104904613446 ], [ 7.932303106988254, 44.58121841546189 ], [ 7.932047586303204, 44.581414079182125 ], [ 7.93159022438261, 44.581625858130863 ], [ 7.93150203876263, 44.581727844868468 ], [ 7.931493252397344, 44.581713504959659 ], [ 7.931483538713261, 44.581710024515012 ], [ 7.931462241706105, 44.581702393723667 ], [ 7.931128166840097, 44.581571205916887 ], [ 7.931070354947486, 44.581500759893331 ], [ 7.931058181762249, 44.581485908752313 ], [ 7.9309767286224, 44.581426674947366 ], [ 7.930976088614377, 44.581426209524331 ], [ 7.930974772998582, 44.581424596003636 ], [ 7.93090146904909, 44.581334693119153 ], [ 7.930867698694389, 44.581315408565317 ], [ 7.930649312211742, 44.581193881801845 ], [ 7.930574470734591, 44.581156143303225 ], [ 7.930567523906075, 44.581152640389348 ], [ 7.930562427928679, 44.581147633393712 ], [ 7.930413869792742, 44.581001668782967 ], [ 7.930277060369926, 44.580855365038452 ], [ 7.930252890674913, 44.580811944328644 ], [ 7.930184634541061, 44.580738951315382 ], [ 7.93007187692148, 44.580676884571524 ], [ 7.930003091189412, 44.580627977351448 ], [ 7.929915138555987, 44.58050741012196 ], [ 7.929859149586384, 44.580466130861986 ], [ 7.929688075684846, 44.580346891115056 ], [ 7.929435708763819, 44.580145163765238 ], [ 7.929368699276444, 44.580110721928904 ], [ 7.929219340524613, 44.579983393688153 ], [ 7.929149545400127, 44.579892119409031 ], [ 7.929111675112013, 44.579878737580358 ], [ 7.928993450468144, 44.579759209129833 ], [ 7.928707509110058, 44.579490852365829 ], [ 7.928630470153187, 44.57941617356056 ], [ 7.928524483905124, 44.579384111340005 ], [ 7.928500886921082, 44.579397692264855 ], [ 7.928493994065891, 44.57940165935225 ], [ 7.928456451346712, 44.579404070881601 ], [ 7.928450553380095, 44.579402325747346 ], [ 7.928429491193612, 44.579396093707501 ], [ 7.928425234865649, 44.57940465644878 ], [ 7.928424017791594, 44.579407104918019 ], [ 7.928418792252311, 44.579417617482186 ], [ 7.928428833360337, 44.579434913903704 ], [ 7.92843823011022, 44.57945110036902 ], [ 7.928432721480652, 44.579457367034138 ], [ 7.928383978811727, 44.579512817048673 ], [ 7.928322089473498, 44.579539135952423 ], [ 7.928225974390452, 44.579536091335903 ], [ 7.928132745031547, 44.579478824254799 ], [ 7.928027728457644, 44.579464604760126 ], [ 7.927950052853476, 44.579473967486138 ], [ 7.92786508699389, 44.579455758874651 ], [ 7.927674833861937, 44.579447661777841 ], [ 7.927624595186287, 44.579464411941977 ], [ 7.927553105957995, 44.579468196882893 ], [ 7.927204890408972, 44.57934819899004 ], [ 7.927141642543234, 44.579319606837728 ], [ 7.926871918987256, 44.579100074700747 ], [ 7.926839975030807, 44.579079563757261 ], [ 7.926811056117931, 44.579060998779411 ], [ 7.926756853364552, 44.579082347632841 ], [ 7.926727814138881, 44.579103185741559 ], [ 7.926706538968646, 44.579133218987437 ], [ 7.926629790523759, 44.579241561181725 ], [ 7.926619195990335, 44.579245834210191 ], [ 7.926445059269868, 44.579316067477812 ], [ 7.926444742979736, 44.579324828835652 ], [ 7.926443877327893, 44.579348807706197 ], [ 7.926415279244904, 44.579492129805999 ], [ 7.926369474846646, 44.579746318788615 ], [ 7.926313599827872, 44.58004394046737 ], [ 7.926292632068509, 44.580151801130334 ], [ 7.926291245440332, 44.580162123038924 ], [ 7.92614868086078, 44.580381120352861 ], [ 7.926098088014908, 44.580456725285146 ], [ 7.925976708193079, 44.580638137820237 ], [ 7.925943985554877, 44.580685885759472 ], [ 7.925921838177911, 44.580718203727663 ], [ 7.9258984101061, 44.580709935085281 ], [ 7.925802644351116, 44.58093065046468 ], [ 7.925837071703861, 44.580938779516828 ], [ 7.925812001569782, 44.581025148376469 ], [ 7.925764480017979, 44.581013952306733 ], [ 7.92570867251311, 44.58110316489585 ], [ 7.925694175240501, 44.581126354161846 ], [ 7.925669415758093, 44.581156171800615 ], [ 7.925551183036473, 44.581298560343996 ], [ 7.925470330766993, 44.581395423421831 ], [ 7.9253954384075, 44.581470979438791 ], [ 7.925334005112359, 44.581528422867365 ], [ 7.925227951026038, 44.581705027382377 ], [ 7.925154473121174, 44.58180358909582 ], [ 7.925035447241064, 44.581906169291763 ], [ 7.924912127667028, 44.582012048891414 ], [ 7.924888464862971, 44.582037681486 ], [ 7.924799725349165, 44.582133839643568 ], [ 7.924646420503219, 44.582302130480194 ], [ 7.924589444927588, 44.582363666628346 ], [ 7.924547513081146, 44.582399056937369 ], [ 7.924507039794701, 44.582417509141997 ], [ 7.92442829522768, 44.582436096027834 ], [ 7.924354223067725, 44.582436289621029 ], [ 7.924274768640316, 44.582429158396685 ], [ 7.924225138414386, 44.582415457118373 ], [ 7.924058388884175, 44.582369404536074 ], [ 7.923941423289861, 44.582297317270815 ], [ 7.923851651354155, 44.582291609966781 ], [ 7.923790991979755, 44.582296736956074 ], [ 7.923527063287018, 44.582346059156109 ], [ 7.923195068156865, 44.582408674924508 ], [ 7.923196716835297, 44.582462660831077 ], [ 7.923196770101921, 44.582464551871411 ], [ 7.923208926886568, 44.582532734871364 ], [ 7.923285522302269, 44.58265039134367 ], [ 7.923341970254985, 44.582769712344543 ], [ 7.923438126016835, 44.582995367797231 ], [ 7.92343735631604, 44.583033657437525 ], [ 7.923338891543086, 44.583062068513499 ], [ 7.923212998169563, 44.583107136696547 ], [ 7.923133168011368, 44.583134642991233 ], [ 7.923041658364177, 44.583156124404638 ], [ 7.922957352783364, 44.58316880616524 ], [ 7.922743157665936, 44.583192578180366 ], [ 7.922606257095457, 44.583224515154804 ], [ 7.922368706030425, 44.583296067772892 ], [ 7.922287717197964, 44.583361022197444 ], [ 7.922255594990617, 44.583386934509953 ], [ 7.922202854232085, 44.583422248950512 ], [ 7.922057196814602, 44.583471288507432 ], [ 7.921990567363824, 44.583489925045271 ], [ 7.921975289266777, 44.583494109132019 ], [ 7.921966384829707, 44.583496547715711 ], [ 7.921917123275341, 44.583505569415294 ], [ 7.921839418873247, 44.583519800053445 ], [ 7.921767206515442, 44.583540607384734 ], [ 7.921679533387482, 44.58356573395433 ], [ 7.921550130822647, 44.583604933504752 ], [ 7.921399940240645, 44.583652461994738 ], [ 7.921299296932948, 44.583690258407614 ], [ 7.921278355573213, 44.583704842802909 ], [ 7.921237784849248, 44.583731863360896 ], [ 7.921254528247081, 44.583841411630836 ], [ 7.921271610190086, 44.583959902636153 ], [ 7.921287755841964, 44.58402889772163 ], [ 7.921326940433377, 44.584121111960705 ], [ 7.921430321871343, 44.584384882116304 ], [ 7.921445616236434, 44.584434531637477 ], [ 7.921459331155761, 44.584485804705132 ], [ 7.921539210513436, 44.58468060024088 ], [ 7.921563547315968, 44.584733792119607 ], [ 7.921612796794457, 44.584816531576728 ], [ 7.921664790324583, 44.584892581013726 ], [ 7.921714592177171, 44.584991791319808 ], [ 7.92180985459693, 44.585151819977412 ], [ 7.921865000791613, 44.585259065939844 ], [ 7.921907431857433, 44.585337257617525 ], [ 7.921949716934308, 44.585414493629166 ], [ 7.9219927910762, 44.585457905461247 ], [ 7.922108839522232, 44.585706607202027 ], [ 7.922172025330291, 44.585740455869448 ], [ 7.922172818222086, 44.585740880621501 ], [ 7.922269203763308, 44.585781635595481 ], [ 7.922322892183407, 44.585813093045722 ], [ 7.922452264616132, 44.585902583904399 ], [ 7.92247668778628, 44.585925275858592 ], [ 7.92249074435706, 44.585938336030821 ], [ 7.92278328934238, 44.586092104799057 ], [ 7.922921757874115, 44.586164576065343 ], [ 7.923303292216885, 44.586363484348119 ], [ 7.923343601804629, 44.586384777326252 ], [ 7.92355370805093, 44.586495796943815 ], [ 7.923682210102442, 44.586563690065944 ], [ 7.924031279610714, 44.586753359386847 ], [ 7.924493031361362, 44.587003478765943 ], [ 7.924545994323109, 44.587019750024453 ], [ 7.924625591497048, 44.587018113911704 ], [ 7.924701520679037, 44.586985843520061 ], [ 7.924743709413283, 44.586961294678552 ], [ 7.924778983721388, 44.586914786505254 ], [ 7.924785935058461, 44.586868461785002 ], [ 7.924760970535591, 44.586812897028835 ], [ 7.924757074683541, 44.586807715628815 ], [ 7.924735984744061, 44.586779666441629 ], [ 7.924720319550117, 44.586758832035009 ], [ 7.92469879579132, 44.586734926641036 ], [ 7.92462968389631, 44.586658167255848 ], [ 7.924605611978978, 44.58662990866317 ], [ 7.924500162552273, 44.586506118709735 ], [ 7.924473015804578, 44.586456195943576 ], [ 7.924467215255229, 44.586418249554868 ], [ 7.924467020026771, 44.586361891713665 ], [ 7.92448913539948, 44.586296633404125 ], [ 7.92452456843154, 44.586244239126998 ], [ 7.924589917561341, 44.586187904361147 ], [ 7.92462904385913, 44.586159977768624 ], [ 7.92467107070593, 44.586144177911024 ], [ 7.924717976842413, 44.586130206486722 ], [ 7.924787555870749, 44.586115008106134 ], [ 7.924781299352279, 44.586106567819236 ], [ 7.9248690664054, 44.586093566207637 ], [ 7.924969881215786, 44.586101924387201 ], [ 7.924978059950247, 44.586106547669473 ], [ 7.92510579699277, 44.586139439054733 ], [ 7.925176184460584, 44.586176066763123 ], [ 7.925225810655818, 44.58620931213288 ], [ 7.925236652901239, 44.586199970490753 ], [ 7.925279193334558, 44.586165179848273 ], [ 7.925345651504169, 44.58611082664585 ], [ 7.925459892781391, 44.586071462149761 ], [ 7.925480586113173, 44.586064859927504 ], [ 7.925568770251386, 44.586036728404146 ], [ 7.925689984724982, 44.585996294961191 ], [ 7.92578765839844, 44.585989840670564 ], [ 7.926044180503868, 44.585965218664015 ], [ 7.926188016944759, 44.585933819936784 ], [ 7.926347226841408, 44.585876845257495 ], [ 7.92637270867686, 44.585866047688057 ], [ 7.926394763900232, 44.585890841017765 ], [ 7.926438775960275, 44.585940300703392 ], [ 7.926512651376341, 44.586022216232593 ], [ 7.926532075824492, 44.586062948268356 ], [ 7.926532662996509, 44.586064179535953 ], [ 7.926536922160408, 44.586073110768062 ], [ 7.926797287088263, 44.586158678477595 ], [ 7.927029990731401, 44.586185244019909 ], [ 7.927160224414393, 44.58620233006922 ], [ 7.927396539969202, 44.586237328181511 ], [ 7.927446824965525, 44.586309436923194 ], [ 7.927449906609731, 44.586313855998029 ], [ 7.927470196634474, 44.586463546118459 ], [ 7.927471049047647, 44.586469834800305 ], [ 7.927526832248019, 44.586528686247966 ], [ 7.927539009236634, 44.586541530705233 ], [ 7.927539592154991, 44.586542145575457 ], [ 7.927542341384734, 44.586545045500273 ], [ 7.927774552145531, 44.586671839354985 ], [ 7.927924535213246, 44.586774859303041 ], [ 7.928156645840096, 44.586942153934181 ], [ 7.92818967342885, 44.586977303806584 ], [ 7.928226801407221, 44.58701760560335 ], [ 7.92827704278997, 44.587092915355512 ], [ 7.928383601903326, 44.587206303225848 ], [ 7.928387372169377, 44.587210586262827 ], [ 7.928435134382076, 44.587264844258584 ], [ 7.928520933151319, 44.587383708805689 ], [ 7.928594408940305, 44.587486262078031 ], [ 7.928614455348614, 44.587510081855349 ], [ 7.928636991959483, 44.587556725989792 ], [ 7.928640803355077, 44.587564614446322 ], [ 7.928642648750862, 44.587571824800023 ], [ 7.92864638645386, 44.587586435001057 ], [ 7.92864650364645, 44.587586913235896 ], [ 7.92865169777552, 44.587660080712709 ], [ 7.928623031520337, 44.587755049804635 ], [ 7.928598010426726, 44.587812746501065 ], [ 7.928586297509099, 44.587810521011548 ], [ 7.928577327837194, 44.587817377827704 ], [ 7.928549906075963, 44.587855570462438 ], [ 7.928535825892337, 44.587884138500627 ], [ 7.928507377627608, 44.587941857036164 ], [ 7.928474188747788, 44.58801006407154 ], [ 7.928422499036755, 44.588088936572689 ], [ 7.928398943696471, 44.588116209341294 ], [ 7.928388672139647, 44.588128095356069 ], [ 7.928377721781539, 44.58814127136791 ], [ 7.928373303353415, 44.588146568420754 ], [ 7.92836670728182, 44.588154509794663 ], [ 7.928295971331869, 44.588224353997383 ], [ 7.928240130049573, 44.588255590951626 ], [ 7.928320011530323, 44.588256564901393 ], [ 7.928238103923753, 44.588300866845657 ], [ 7.928225411386268, 44.588303805531872 ], [ 7.928147826381315, 44.588331588449634 ], [ 7.928086260231556, 44.588371333023858 ], [ 7.927999965891098, 44.588426059757133 ], [ 7.92788110315418, 44.588472693464794 ], [ 7.927838217201474, 44.588467339434146 ], [ 7.927773370540084, 44.588509393703369 ], [ 7.927757644273079, 44.58852057125938 ], [ 7.927661728830213, 44.588588765245625 ], [ 7.927626893779493, 44.588599808362439 ], [ 7.927553724742641, 44.58867720039909 ], [ 7.927548358417377, 44.588682355493113 ], [ 7.927326272620805, 44.588805928039349 ], [ 7.926980553283908, 44.588424564888172 ], [ 7.926946749632917, 44.58820818597998 ], [ 7.926755818094695, 44.588314420108922 ], [ 7.926370141463194, 44.588733915454327 ], [ 7.925893437503754, 44.589989792362715 ], [ 7.925494787137595, 44.591111358020548 ], [ 7.925185239584918, 44.591431416283058 ], [ 7.925087962190138, 44.591537975946807 ], [ 7.925080265289231, 44.591600120111003 ], [ 7.924925539551457, 44.591635727117236 ], [ 7.924767000046078, 44.591696406112476 ], [ 7.924697586245765, 44.591728242728962 ], [ 7.924648842361735, 44.591780817756678 ], [ 7.924693440377362, 44.592011810959654 ], [ 7.924547503026639, 44.592071555009575 ], [ 7.924145133845937, 44.592460870290402 ], [ 7.923898447069755, 44.592662993863627 ], [ 7.923020499927614, 44.593310571074824 ], [ 7.922998845829794, 44.593347205276167 ], [ 7.923005032183937, 44.593379933856838 ], [ 7.923141861188481, 44.593588507795694 ], [ 7.923287109332192, 44.593591614832732 ], [ 7.92301950604879, 44.593935293326183 ], [ 7.9229015900286, 44.594008965371295 ], [ 7.922658526222805, 44.594122157236697 ], [ 7.922422456652933, 44.594297244053131 ], [ 7.922342561129445, 44.594392871372072 ], [ 7.922207552911332, 44.594575906347593 ], [ 7.92210975571965, 44.594788604668167 ], [ 7.922090700948035, 44.594873354808172 ], [ 7.922047278063421, 44.595001762327541 ], [ 7.922061411674368, 44.595093919731525 ], [ 7.92198940837523, 44.595200363528129 ], [ 7.920632873615371, 44.5964850210515 ], [ 7.920053791594269, 44.597136726564322 ], [ 7.919580489781015, 44.597519357174015 ], [ 7.919045531799647, 44.597829381894428 ], [ 7.918901937864977, 44.598098095305254 ], [ 7.919086727930197, 44.598324912009147 ], [ 7.917894823748941, 44.59872773286115 ], [ 7.917528309388765, 44.598787273049169 ], [ 7.917237718412831, 44.598829528021454 ], [ 7.91592938993241, 44.599393268890921 ], [ 7.913814908820926, 44.600615511746071 ], [ 7.91301196503982, 44.601103007155551 ], [ 7.9124779305109, 44.60203418614509 ], [ 7.912023848437106, 44.602732054971092 ], [ 7.911647542257073, 44.603313633156944 ], [ 7.912844774699252, 44.603982234827967 ], [ 7.914484353698104, 44.605258206297329 ], [ 7.915081237051854, 44.605687002362366 ], [ 7.915616475058875, 44.606043189728567 ], [ 7.91609442345723, 44.606092746102107 ], [ 7.916521134460325, 44.606186824110353 ], [ 7.916959776666411, 44.606317021474524 ], [ 7.917273763453396, 44.606374019756416 ], [ 7.917828151415633, 44.606379279219205 ], [ 7.918532730058333, 44.606439974708486 ], [ 7.918841703379988, 44.60676699349753 ], [ 7.919059527428718, 44.607930389754344 ], [ 7.919063047561974, 44.607947564019526 ] ] ] } }
]
}
